Year,Company,Total
2011,20:20 Imaging Limited,1
2011,24 Hr Care Services Ltd,1
2011,A & F Hollister Ireland Ltd T/A Hollister,3
2011,A B Mauri (Uk) Ltd,1
2011,A T & T Global Network Services Ireland Limited,1
2011,A. W. & E. M. Crawford T/A K.C'S Fish & Chip Shop,1
2011,A.C. Manufacturing Ltd,1
2011,Aarc (Management Consultants) Limited,1
2011,Aarti Restaurants Limited,1
2011,Aarval Ltd T/A Mcdonalds Restaurant,2
2011,Aashim Bajaj T/A The Cinnamon Garden,1
2011,Abacus Systems & Networks Ltd,1
2011,Abbey Breaffy Nursing Home Ltd,1
2011,Abbey Chiropractic Wellness Centre,1
2011,Abbey Fuels Limited,2
2011,Abbey Hospitality Limited,2
2011,Abbey Lands Nursing Home And Alzheimers Unit Limited,2
2011,Abbey Presbyterian Church,1
2011,Abbott Ireland,9
2011,Abbott Laboratories (Irl) Ltd.,2
2011,Absolute Hotel Limerick Limited,1
2011,Abtran Ecare And Fulfillment,1
2011,Acc Bank Plc,1
2011,Accenture,3
2011,Accenture Inc (Philippines),1
2011,Accenture(Ifsc),16
2011,Ace Refrigertion Ltd,1
2011,Aclare House Nursing Home,1
2011,Acra Control Limited,2
2011,Active Mind Technology Ltd,1
2011,Adelaide & Meath Hospital Incorporating The National Children'S Hospital,9
2011,Admiral Administration (Ireland) Ltd,1
2011,Adobe Systems Software Ireland Ltd,1
2011,Advanced Chiropractic & Sport Injury Clinic Ltd,1
2011,Aegon Scottish Equitable International (Dublin),1
2011,Aej European Agency Limited,1
2011,Aibp Cahir,1
2011,Aibp Limited,6
2011,Aibp Limited T/A Aibp Cahir,1
2011,Aibp Ltd (Rathkeale),1
2011,Aibp Nenagh,1
2011,Aileen Lynch (Keogan),1
2011,Aim Cash & Carry,3
2011,Air Atlanta Aero Engineering Ltd,1
2011,Air Sea Forwarding Ltd,1
2011,Airspeed Communications T/A Airspeed Telecom,1
2011,Aisling Gleeson,1
2011,Akash Indian Restaurant,1
2011,Akeview Ltd T/A Yellow Pepper,1
2011,Al Halal Ltd,1
2011,Alan Niall & Ralph Shaw,2
2011,Alan Niall & Ralph Shaw T/A Sancta Maria Nursing Home,3
2011,Albert Enterprises Ltd T/A Albert Building Services,1
2011,Alcatel-Lucent Ireland Ltd,9
2011,Alcon Laboratories Ireland Limited,2
2011,Aldi Stores Ireland Ltd.,2
2011,Alere International Ltd,1
2011,Alessandro Macari,1
2011,Alexandra College,1
2011,All Hallows College,1
2011,All Test Ltd T/A Chicken Hut,2
2011,Allanbay Ltd,2
2011,Allenfield Care Homes,3
2011,Allergan Services International Limited,1
2011,Alliance Medical Diagnostic Imaging Ltd,1
2011,Alliance Select Services Ltd,1
2011,Allianz Worldwide Care,3
2011,Alpha Wireless Ltd,1
2011,Alps Electric (Ireland) Limited,1
2011,Alzaro Ltd,1
2011,Amazon Data Services Ireland Ltd,8
2011,Ambassador Restaurant,1
2011,Amber Health Care Ltd,2
2011,Amber Springs Hotel Ltd,1
2011,Amdocs Software Systems Limited,1
2011,Amentum Capital Ltd,1
2011,Amgen Technology (Ireland) Ltd,8
2011,Amigo'S Ristorante Ltd T/A Amigo'S Ristorante,1
2011,Ammajaan Limited,1
2011,Ammeon Ltd,5
2011,Ampleforth Ltd.,1
2011,Ampleforth Ltd. T/A Fitzwilliam Hotel,2
2011,Ams Medical Systems Irl Ltd,1
2011,Anacapa Holdings Ltd T/A Free-Hotspot.Com,1
2011,Analog Devices,6
2011,Andrew And Margaret Heffernan T/A Mitchelstown Stud,1
2011,Angie & Ricky Lee,3
2011,Angie & Ricky Lee T/A Love Lee'S Asian Restaurant,1
2011,Anglo American Lisheen Mining Limited T/A The Lisheen Mine,1
2011,Anglo Irish Bank,2
2011,Anglo Irish Beef Processors (Clones),3
2011,Anglo Irish Beef Processors (Waterford),1
2011,Anglo Irish Beef Processors International,7
2011,Anglo Irish Engineering Projects Ltd,1
2011,Ann Marie Barden T/A Marble City Barbers,1
2011,Ann Wehrly,1
2011,Annabeg Enterprises,1
2011,Annabeg Nursing Home,2
2011,Anne Barrington,1
2011,Anne Marie Curtin,1
2011,Anne Treanor,1
2011,Anne Wilson,1
2011,Anphabe Ltd,1
2011,Anthony Barry,1
2011,Anthony Locke/John Delaney/ Patrick Thorpe,1
2011,Anthony Sweeney,1
2011,Anthony Williams,2
2011,Antonio & Guiliano Di Murro,1
2011,Aol Europe Operations Limited,1
2011,Aol Technologies Ireland Limited,3
2011,Aontacht Phobail Teo,1
2011,Apica Cardiovascular Ltd,1
2011,Appassionata Flowers,1
2011,Appit Ltd,1
2011,Apple Operations Europe,7
2011,Aras Aoibhinn Nursing Home Ltd,1
2011,Arch Chemicals B V,1
2011,Arcourt Ltd. T/A Sheldon Park Hotel,1
2011,Ard Services Limited,11
2011,Ardcullen Ltd T/A Donatellos,1
2011,Ardeeshal Lodge Limited,2
2011,Ardilaun House Hotel Limited,1
2011,Ardkeen Superstores Ltd,1
2011,Ardmore Shipping Ltd,2
2011,Argos Distributors (Irl) Ltd,4
2011,Argosy Libraries Ltd,1
2011,Aristotle It Services Ltd,1
2011,"Armada Hotel - Armada Holdings Ltd.,",1
2011,Arvato Finance Services Ltd,3
2011,Ashbourne Meat Processors,1
2011,Ashbourne Meats Roscrea,1
2011,Ashbourne Rugby Football Club,1
2011,Ashbourne Visitor Centre Ltd,1
2011,Ashford Castle Estate Ltd T/A Ashford Castle,1
2011,Ashford House Nursing Home Ltd,6
2011,Ashgar Ali T/A Village Inn,1
2011,Ashjen Ltd,1
2011,Ashlawn House Nursing Home,2
2011,Asia Market Limited,2
2011,Asian Food Store & Catering Equipment Ltd,1
2011,Aspect Software Irl Ltd,1
2011,Aspen Pharma Trading Limited,1
2011,Astellas Ireland Ltd,3
2011,Athletic Association Of Ireland Ltd,1
2011,Athlone V.E. Limited T/A Vision Express,1
2011,Atick Catering Limited T/A Kasturi,1
2011,Atlanco Ltd.,1
2011,Atlanta House Nursing Home,5
2011,Atlantic Container Agencies Ltd,3
2011,Atlantic Homecare Ltd T/A Atlantic Homecare & Garden Centre,1
2011,Atlantic Industries,1
2011,Aughinish Alumina Ltd,1
2011,Autism Spectrum Disorder Intiatives Limited,1
2011,Automatic Netware Ltd,1
2011,Autometric Ltd,1
2011,Ava Capital Markets Limited,1
2011,Avaya International Sales Ltd,2
2011,Avego Ltd,4
2011,Aviva Group Services Ireland Limited,3
2011,Avondale Nursing Home,3
2011,Avtd Ltd,1
2011,Awas (Ireland) Ltd,1
2011,Axa Global Distributors (Ireland) Limited,1
2011,Azhar Mahmood T/A Sangam 1 Restaurant,1
2011,B.Braun Medical Ltd,1
2011,Ba Tallaght Limited,2
2011,Baan Siam Cuisine Ltd,1
2011,Bagram Foods Ltd,1
2011,Bahaa Marks Limited,1
2011,Bailey Seafoods Ltd T/A Aqua Restaurant,1
2011,Bainistiocht Àras Gaoth Dobhair Teoranta,1
2011,Ballincurrig Care Centre Ltd,3
2011,Ballon Meats Ltd.,1
2011,Ballybane & Mervue Community Dev Ltd,1
2011,Ballydoyle Racing (Golden Dale) Limited.,3
2011,Ballyfermot Home Help Services Ltd,2
2011,Ballylinch Stud,1
2011,Ballymascanlon House Hotel,1
2011,Bamboo Garden Limited,1
2011,Bank Of Ireland,5
2011,Bannon Commercial Property Consultants Limited T/A Bannon Commercial,1
2011,Barbara Collins,1
2011,Barberstown Holdings Ltd T/A Barberstown Castle,1
2011,Barravore Ltd,1
2011,Barretstown Gang Camp,8
2011,Barringtons Medical Centre,1
2011,Barrowvalley Construction Limited,1
2011,Barry Mcnerney & Paul Mcnerney T/A Juniors Cafe Deli,1
2011,Barty O'Brien Ltd,1
2011,Baxter Healthcare S.A.,2
2011,Bdf Commercials Ltd,1
2011,Bdo,1
2011,Beacon Dialysis Services Ltd,2
2011,Beacon Financial Ltd,1
2011,Bearingpoint Ireland Limited,1
2011,Beata Jezekova,1
2011,Beaufields Mews Restaurant.,1
2011,Beaumont Chinese Take Away,1
2011,Beaumont Convalescent Home,1
2011,Beaumont Hospital,50
2011,Beaumont Residential Care Ltd.,2
2011,Beauty Plus Brow Bar (Ireland) Limited,1
2011,Beckman Coulter Biomedical Limited,1
2011,Becton Dickinson And Co Ltd,1
2011,Beech Lodge Nursing Home,1
2011,Beech Wood House Nursing Home,4
2011,Beechfield Nursing Homes Limited,5
2011,Beechtree Healthcare Limited,7
2011,Beechwood Childcare,2
2011,Belarmine Pharmacy Ltd,1
2011,Belgard Catering Ltd T/A Tamara,1
2011,Belmont Care Ltd,1
2011,Beneavin House Limited,7
2011,Beneavin House Limited T/A Beneavin House,2
2011,Beneavin Lodge Ltd,1
2011,Beneavin Lodge Ltd Nursing & Retirement Homes,2
2011,Bentley Systems International Limited,1
2011,Berkway Limited,1
2011,Bernadette M Mcintyre,1
2011,Bernard Kealy T/A Spar Gleneaston,1
2011,Bertelsmann Distribution Financial Services,1
2011,Beshoffs Of Howth Ltd,1
2011,Bestseller Retail Ireland,1
2011,Betatherm Ireland Limited T/A Measurement Specialties,1
2011,Bincorey Limited T/A The Pines,1
2011,Bing Chi Chau T/A Collooney Chinese Takeaway,1
2011,Bioniche Teoranta,1
2011,Biotech Alternative Green Energy Limited,1
2011,Bioware Ireland Limited,3
2011,Bishopscourt Residential Care Ltd.,3
2011,Black N Blue Grill Ltd,1
2011,Blackrock Asset Management Limited Ireland,2
2011,Blackrock Clinic,5
2011,Blackrocks Nursing Home,1
2011,Blairs Hills Nursing Home,1
2011,Blanchardstown & Inner City Home Care Association Ltd,1
2011,Blarney Nursing And Retirement Home Ltd,7
2011,Blg Financial Consultants Ltd,1
2011,Blizzard Entertainment Ireland Ltd,17
2011,Bloomfield Care Centre Ltd,6
2011,Blue Demons Basketball Club,1
2011,Blue Myosotis Limited,2
2011,Blue Silver Merchandise T/A Supervalu,1
2011,Bnp Paribas Fund Services Dublin Ltd,1
2011,Bny Mellon Fund Services (Ireland) Ltd,2
2011,Bohemian Football Club Limited,1
2011,"Bon Secours Hospital, Cork",9
2011,"Bon Secours Hospital, Dublin",11
2011,"Bon Secours Hospital, Kerry",2
2011,Bonanza Food Limited T/A East Garden Chinese Restaurant,1
2011,Bootstrap Ltd.,1
2011,Boran Plastic Packaging Ltd,1
2011,Borris Lodge Nursing Home,1
2011,Boston Cleaners Ltd,1
2011,Boston Scientific Clonmel Ltd,1
2011,Boston Scientific Ireland,2
2011,Bowen Construction Ltd,1
2011,Boylan & Dodd Chartered Accountants,1
2011,Boyle Tapas Restaurant,1
2011,Brady Family Ltd.,1
2011,Brandt Translations Ltd,1
2011,Brasserie Grastropub 15 Ltd,1
2011,Brd Nursing Home Ltd,4
2011,Brecon (Care) Limited,3
2011,Breen International Logistics Ltd,1
2011,Brehon Care Limited,15
2011,Brehon Care Limited T/A The Marlay,1
2011,Brian Behan Enterprises Ltd T/A Clane Commons Service Station,1
2011,Brian Hogan,1
2011,Brian Noone Ltd.,1
2011,Brian O'Hara T/A Spar Glenageary,2
2011,Brian O'Reilly,3
2011,Bridge Dale Homes,1
2011,Bridgelynn Limited,1
2011,Bridgelynn Limited T/A Little Flower Nursing Home,2
2011,Bright Blade Limited,1
2011,Bright Horizons Family Solutions Ireland Ltd,1
2011,Brindley Manor Nursing Home Limited,3
2011,Broadford Cleaning And Maintenance Services Ltd T/A Direct Cleaning Services,1
2011,Broadford Holdings,1
2011,Broadford International Ltd,1
2011,Broadford International Ltd T/A Cleaning Contractors,5
2011,Broadway Bagels Ltd,1
2011,Brocade Communications Ireland Limited,1
2011,Brookfield Care Services Ltd T/A Brookfield Care Centre,2
2011,Brookhaven Nursing Home Ltd,1
2011,Brooklodge Nursing Home,1
2011,Brophy & Co Chartered Accountants,1
2011,Brophy Solicitors,1
2011,Brothers Of Charity (Cork),1
2011,Brothers Of Charity Services Ltd (Galway),1
2011,Brown Bag Films Ltd,10
2011,Brown Brothers Harriman Fund Administration Services Ltd,6
2011,Bru Bar & Hostel T/A Escape,2
2011,Bryan Greene & Co. Ltd.,1
2011,Brymore House Nursing Home Ltd,4
2011,Bulgari Ireland Limited,1
2011,Bunratty Shopping Village Ltd,2
2011,Burke Bros Son & Co Ltd,1
2011,Bus Eireann,1
2011,Bushgrove Ltd T/A Euro2,1
2011,Bushy Park Nursing Home Ltd.,2
2011,Business Objects Software Ltd,2
2011,Byrdan Ltd,1
2011,C I Consultancy Ltd,3
2011,C.F. Quality Decorators Limited,1
2011,Cabra Parish Roman Catholic Most Precious Blood Church,1
2011,Cadence Design Systems (Ireland) Ltd,1
2011,Cadmus Software Ltd,1
2011,Cafe Sarie Ltd,1
2011,Cafe Togo (Powerscourt) Limited,1
2011,Cagentt Ltd,1
2011,Cahereen Residential Care Ltd,3
2011,Calmos Investments Ltd,1
2011,Camara Education Limited,1
2011,Camillo Borza,2
2011,Camillus Healthcare Limited,1
2011,Camison Ltd T/A Auburn Lodge Hotel,1
2011,Campbell Catering Limited Head Office,2
2011,Campbell Catering Ltd,1
2011,Campus It Ltd,1
2011,Canada Life Group Services Ltd T/A London Life And General Reinsurance,1
2011,Candela Healthcare Ltd,2
2011,Candela Healthcare Ltd T/A Kerlogue Nursing Home,2
2011,Candor Holdings Limited,1
2011,Capgemini India Private Limited,1
2011,Capita Business Services,2
2011,Capita Life And Pensions Services (Ireland) Limited,2
2011,Cappoquin Poultry Ltd,3
2011,Carechoice (Dungaravan) Ltd,5
2011,Carechoice (Macroom) Ltd,2
2011,Carechoice Ballynoe Ltd,4
2011,Carechoice Clonakilty Ltd,1
2011,Carechoice Montenotte Limited,7
2011,Career Management International Consultants Ltd,1
2011,Carers & Nurses Aides On Call,1
2011,Carers And Nurses Aides On Call Ltd,1
2011,Careworks Ltd,2
2011,Caring & Sharing Association T/A Restaurant Ten Fourteen,1
2011,Caritas Convalescent Centre Ltd,1
2011,Carl Hanratty,1
2011,Carlisle Cleaning Services Ltd,6
2011,Carlton Hotel Dublin Airport Ltd.,2
2011,Carnaross Sand & Gravel Ltd,1
2011,Carnegie Court,1
2011,Carnelian Limited,1
2011,Caroline Acheson,1
2011,Carra Celtic Ltd,5
2011,Carrickboy Farms,1
2011,Carrigaline Hotels Ltd,1
2011,Carroll Freight Tullow Ltd,1
2011,Carrtex B & S Ltd T/A The Deputy Mayor,1
2011,Carrylane Limited T/A The Ritz-Carlton Hotel Company,2
2011,Carton Bros Ltd,6
2011,Carysfort Nursing Home,5
2011,Cashel House Hotel,2
2011,Cassidy Electrical Supply Co. Ltd.,1
2011,Castle Arms Hotel - Dal Riada Taverns Ltd.,1
2011,Castle Office Contracts Limited,1
2011,Castleknock Golf Club,1
2011,Castleknock Resort Ltd,1
2011,Castletroy Cinemas Limited,1
2011,Castleturvin House Nursing Home Ltd,2
2011,Catherine Halley T/A Rathfarnham Beauty Clinic,1
2011,Cavan Developments Bloodstock Company,1
2011,Cavan Hotel & Leisure Co Ltd,1
2011,Cb Automate Technology Ltd,1
2011,Cdl Technology Limited,1
2011,Cellix Limited,1
2011,Centra Kilcock,1
2011,Central Bank And Financial Services Authority Of Ireland,3
2011,Central Grill Ballymany,1
2011,Cerise Feather Ltd,1
2011,Cerner Ireland Ltd,1
2011,Cg Hotel Ltd,1
2011,Cg Power Systems Ireland Limited,3
2011,Ch2M Hill Idc Ltd,1
2011,Ch2M Hill International Ltd,15
2011,Champion Sports Ireland Ltd,1
2011,Chapman Flood Mazars,1
2011,Charjon Investments Ltd,4
2011,Charles & Elizabeth Mcgrachan T/A Leo Burdocks,1
2011,Charles O'Brien,1
2011,Charles River Biolabs Europe Ltd,1
2011,Chartis Europe S. A. (Irish Branch),6
2011,Checkstop Limited,1
2011,Chequer Catering Limited,1
2011,Children'S University Hospital,1
2011,China Inn,1
2011,China Kitchen Limited,1
2011,Chinese Treatment And Herbal Remedies Limited,1
2011,Christian Initiatives,1
2011,Christy Roche,1
2011,Christy Tighe T/A Cromleach Lodge,1
2011,Chuleeporn Conroy T/A Ban Thai Massage,1
2011,Chung Ng T/A The Royal Villa,1
2011,Churchside Holdings Limited,1
2011,Chutney Mary Ltd T/A Indira Restaurant,2
2011,Ciaran O'Toole,1
2011,Cibenix Ltd,1
2011,Circus Gerbola Ltd,1
2011,Cisco Systems Internetworking (Ireland) Limited,2
2011,Cit Group Finance (Ireland),1
2011,Citco Fund Services Dublin Limited,3
2011,Citco Fund Services Ireland Limited,1
2011,"Citi Fund Services (Ireland), Limited",2
2011,Citi Hedge Fund Services (Irl) Ltd,6
2011,Citibank Europe Plc,4
2011,Citibank International Plc T/A Citibank International Plc - Ireland Branch,2
2011,Citibank N.A.,3
2011,Citibank N.A. T/A Citigroup Ireland,1
2011,Citrix Systems International Gmbh,1
2011,City Analysts Ltd,1
2011,City Of Dublin Vec,2
2011,Clancy'S Foodstore Ltd.,1
2011,Clanmor Technology Limited,1
2011,Clanree Hotel Ltd T/A Clanree Hotel,1
2011,Clare Music Education Centre Ltd.,1
2011,Clarion Hotel Dublin Liffey Valley,1
2011,Clearwood Property Management,1
2011,Clifden House,1
2011,Clifford Desmond & Associates,1
2011,Clondalkin Addiction Support Programme,1
2011,Clongowes Wood College,1
2011,Clontarf Castle Hotel,2
2011,Clontarf Cricket Club,1
2011,Clontarf Private Nursing Home,1
2011,Clontarf Senior Care Ltd,1
2011,Cloverland Healthcare Ltd T/A Shinrone Nursing Home,2
2011,Club Travel Ltd.,2
2011,Clubsxpress Limited,1
2011,Clyda Ville Investment Ltd,1
2011,Cmc-Coal Marketing Company Limited,1
2011,Co Wickow V E C,1
2011,Coachman'S Inn,3
2011,Coal Quay Restaurants Ltd T/A Charcoal Restaurant,1
2011,Coalbrook Ltd T/A Connemara Coast Hotel,1
2011,Coastal Bay Taverns,1
2011,Coca-Cola Bottling Co. (Dublin) Ltd. Naas Road.,1
2011,Coca-Cola Hbc Ireland Limited,1
2011,Cocoon Childcare,1
2011,Codex Ltd,1
2011,Coffee Station,1
2011,Coffey'S Pub,1
2011,Cognizant Technology Solutions Ireland Ltd,8
2011,Cognovi Ltd,1
2011,Colgate Palmolive Operations (Ireland) Limited,1
2011,Colgate Palmolive Support Services,1
2011,Colin Burke Electrical Ltd,1
2011,Colin Grant,1
2011,Collins Engineering Limited,1
2011,Colour World Print Ltd,1
2011,Colours International Dub Ltd,1
2011,Combilift,1
2011,Comerford Brothers Limited,19
2011,Commission For Communications Regulation (Comreg),2
2011,Compass Catering Services Ireland Ltd.T/A Eurest Sutcliffe,2
2011,Compass Informatics Ltd.,1
2011,Complete Finishes Ltd,1
2011,Compufast Software Limited,1
2011,Comron Ltd,1
2011,Conference Partners Ltd,1
2011,Connaught Electronics Limited,15
2011,Connaughton Rd Construction Ltd(In Receivership),1
2011,Connemara Rugby Club Ltd,1
2011,Connollys Red Mills,1
2011,Conor Jaipore Ltd T/A Jaipore Indian Cuisine,2
2011,Conroy Security Limited T/A J&I Security,2
2011,Cook Ireland Limited,4
2011,Cooksgrove Ltd.,3
2011,Cooksgrove Ltd. T/A Euro Farm Foods,2
2011,Coolair Ltd,1
2011,Cooley Nursing Home Ltd T/A Carlingford Nursing Home,3
2011,Coombe Women'S Hospital,2
2011,Copeland Security Ltd,1
2011,Copper Cove Ltd,1
2011,Corcoran Jennison Management Ireland Limited,1
2011,Cordelia Foods Limited,1
2011,Core Ibs Ltd,5
2011,Cork Vision Plus Ltd T/A Specsavers Opticians,1
2011,Cornate Limited,1
2011,Cossys Textiles & Gifts,1
2011,Cottage Nursing Home Ltd,1
2011,Coughlans Waterford Ltd,1
2011,Country Clean Recycling Ltd T/A Cork Mini Skips,1
2011,County Sligo Swimming Club,1
2011,Covidien Plc,1
2011,Cowper Care Centre Ltd,5
2011,Cr2 Ltd.,2
2011,Craddock House Nursing Home,4
2011,Craigfort Taverns T/A Killashee House Hotel,2
2011,Crane Worldwide Logistics Ireland Limited,1
2011,Cranley Cars Ltd,1
2011,Crean & Mchugh,1
2011,Creative Recreation International Ltd`,1
2011,Creevelea House Nursing Home Ltd.,1
2011,Cregg House,1
2011,Creme Software Limited,1
2011,Crh Group Services Limited,3
2011,Critical Path B.V.,2
2011,Crm Pulse Limited,1
2011,Cronin & Company,1
2011,Crookstown Motors And Tyre Centre Ltd.,1
2011,Crowne Plaza Dublin Airport,2
2011,Csc Computer Sciences Ireland Ltd,1
2011,Csj Dominos (Carlow) Ltd T/A Dominos Pizza,1
2011,Csn Stores Limited,3
2011,Cup Print Ltd,1
2011,Curam Software Ltd,2
2011,Curragh Lawn Nursing Home,4
2011,Custom House Administration & Corporation Services Limited,1
2011,Cv Homecare Solutions Ltd,1
2011,Cylon Controls Limited,1
2011,"Cypress Semiconductor Ireland, Irish Design Centre",2
2011,D P Systems Ltd,1
2011,D.T. Hughes Racing Ltd,1
2011,Da Marco Pizzeria,1
2011,Dabl Ltd,1
2011,Dabrena Properties,1
2011,Daifuku America Corp,9
2011,Dairygold Co-Operative Society Limited,3
2011,Dairymaster,1
2011,Daiwa Securities Trust + Banking (Europe) Plc,1
2011,"Dalkey Lodge Nursing Home,",1
2011,Dame Street Chiropractic Ltd,2
2011,Danhillo Limited T/A Victoria Chinese Restaurant,1
2011,Daniel A. Maher,1
2011,Danza Limited,1
2011,Darren Hollywood T/A Darren Hollywood & Shane Hanly Central Tavern,1
2011,Data Electronics Group Ltd,3
2011,Datalex Ltd,2
2011,Daughters Of Charity Of St. Vincent De Paul,2
2011,David Joy T/A Lattetude,1
2011,David Lowe & Co. Ltd,1
2011,David Mckone,1
2011,David Tallon,1
2011,David Wachman T/A South Lodge,2
2011,Dawn Charleville,2
2011,Dawn Country Meats,4
2011,"Dawn Country Meats Ltd., T/A Dawn Ballyhaunis,",2
2011,Dawn Farm Foods Ltd,7
2011,Dawn Farm Foods Ltd.,2
2011,Dawn Fresh Foods Ltd,1
2011,Dawn Meats (Exports) Ltd.,9
2011,Dawn Meats Ireland,13
2011,Dawnlane Ltd,1
2011,Dawnlough Ltd,1
2011,Days Inisbofin House Hotel,1
2011,Db Service Centre Limited,1
2011,De Lage Landen Ireland Company,1
2011,Dead Space Enterprises,1
2011,Deal News Limited,1
2011,Dealgan House Nursing Home Ltd,1
2011,Decawave Limited,1
2011,Deerpark House Nursing Home,3
2011,Delcath Systems Ltd,2
2011,Delia Keanes Ltd,1
2011,Deliciously Different Cake Company Ltd,1
2011,Dell Direct,16
2011,Dell Direct (Cabinteely),2
2011,Dell Products Ltd,5
2011,Dell Technology & Solutions Limited,22
2011,Deloitte & Touche,3
2011,Deloitte & Touche Overseas Projects Llc,4
2011,Deloitte Mcs Ltd,2
2011,Delta Index Ltd,1
2011,Delvecchio Ltd T/A Cartridge World,1
2011,Deng Li Qiang T/A Chinese Acupuncture & Care,1
2011,Denis Cullen,1
2011,"Department Of Jobs, Enterprise & Innovation",1
2011,Depfa-Bank Europe,2
2011,Derica Solutions Limited,1
2011,Dermot K. Weld,6
2011,Dermot Sparrow T/A Moss Veterinary,1
2011,Des Hughes,2
2011,Design Partners Co,2
2011,Designwest,1
2011,Desmond Groome T/A Kildare Vet Surgery,1
2011,Desmond Guiness,1
2011,Devery Mooney Ltd,2
2011,Dexia Clf (Dublin Branch),1
2011,Dexia Fund Services Dublin Ltd,1
2011,Dhl Global Forwarding Ireland Ltd,1
2011,Diageo Ireland,2
2011,Digital Optics Corporation Europe Limited,1
2011,Digital River Ireland Ltd,2
2011,Digitize New Media Ltd,1
2011,Discover Chiropractic Ltd T/A Discover Chiropractic,2
2011,Dita Eyewear Europe Limited,1
2011,Dnm Technology Ltd,1
2011,Dockrell'S Vegetable Growers,1
2011,Doh Balls Limited T/A Pizza Hut Delivery Wexford,1
2011,Dolkun Ltd,1
2011,Domenico Maliza,1
2011,Domestic And General Property Support Services Ltd,31
2011,Dominican Order,2
2011,Donabate Supermarkets Ltd T/A Supervalu Donabate,1
2011,Donal And Lavinia Walsh,4
2011,Donal Brady,1
2011,Donal O Mahony Commercials Limited,1
2011,Donnelly Fruit & Veg Ltd,2
2011,Donnybrook Fair,2
2011,Dornhoefer Services Limited,1
2011,Douglas & Kaldi,1
2011,Doyle Hotel Group Limited,2
2011,Dpt Supermarket Ltd,1
2011,Dr Almitra Khurshid,1
2011,Dr John & Evelyn White,1
2011,Dr Mary Reddy,1
2011,Dr Seamus O'Baoighill,1
2011,Dr. Helen Fenlon,1
2011,Dr. Hussain Bhatti & Dr. Al Hatti T/A The Village Nursing Home Centre,2
2011,Dr. Michael Aboud,1
2011,Drakelands House Nursing Home,2
2011,Drakelands Nursing Home Ltd,1
2011,Drescator Ltd,3
2011,Drimbawn Mushrooms Limited,2
2011,Droimnin Nursing Home Ltd,1
2011,"Dromhall Hotel Co. Ltd., T/A Randles Court Hotel",1
2011,Drumderrig House Nursing Home,1
2011,Drumgoan Developments Ltd,1
2011,Dsg Retail Ireland Ltd,13
2011,Dsq Group Limited T/A Apache Pizza,1
2011,Dublin Airport Authority Plc,1
2011,Dublin Business School,2
2011,Dublin City University,5
2011,Dublin Dental Hospital,1
2011,Dublin Institute Of Technology (Pembroke Street),1
2011,Dublin Simon Community,1
2011,Duffys Circus Ltd,3
2011,Dunbia Kilbeggan,14
2011,Dundalk R.F.C.,1
2011,Dundas Limited,2
2011,Dundas Limited T/A Talbot Lodge Nursing Home,1
2011,Dundrum Nurseries,4
2011,Dundrum Pharmacy Ltd,1
2011,Dunne & Crescenzi,1
2011,Dunnes Stores Ltd,1
2011,Dunnhumby Ireland Limited,1
2011,Duolog Technologies Limited,2
2011,E-Direach Teo.,1
2011,E-Frontiers Limited,1
2011,E-Pire Limited,1
2011,E-Spatial Solutions Ltd.,1
2011,Eamon O'Boyle & Associates,1
2011,Eamonn Connor,1
2011,East - West Medicare Ltd,1
2011,Ebay Europe Services Ltd,4
2011,Eclipse Care Limited,1
2011,Eco Nova Ltd T/A Eco Pizzeria,1
2011,Ecocem Ireland Ltd,1
2011,Ecolab Limited,1
2011,Economic And Social Research Institute.,1
2011,Ecosecurities International Limited,1
2011,Eden Further Education Ltd,1
2011,Eden Home Care Ltd,2
2011,Edenlough Ltd,1
2011,Edenlough Ltd T/A The Woodstock Cafe,1
2011,Edenmore Farm Meats Ltd,1
2011,Educational Design Developments Limited,1
2011,Edward Kirby,1
2011,Edward O'Grady,1
2011,Edward P Harty Racing Limited,1
2011,Edward P. Tully & Co.,1
2011,Eileen Stapleton T/A Beechwood Nursing Home,2
2011,Eircom Ltd,1
2011,Elaine Connolly,1
2011,Elanco Animal Health Ireland Limited,2
2011,Elastometall Engstler Gmbh T/A Elastomettal Ireland,1
2011,Eldabane Properties Limited,3
2011,Eldabane Properties Limited T/A Fearna Manor Nursing Home,2
2011,Elder Home Care Ltd,1
2011,Elder Home Care Ltd T/A Comfort Keepers,1
2011,Elder Nursing Home Charleville Ltd,2
2011,Elder Nursing Homes Ltd T/A Lakes Nursing Home,2
2011,Electrical & Pump Services Ltd.,2
2011,Electroplus Cable & Satellite Ltd,1
2011,Eli Lilly & Company,6
2011,Eli Lilly & Company (Ireland) Ltd,1
2011,Eli Lilly S.A. - Irish Branch,12
2011,Elitex Ltd,1
2011,Eliza Care Ltd,4
2011,Ellen Landscape Designs Limited,1
2011,Elm Park Golf Club,2
2011,Elp Supermarkets T/A Centra,1
2011,Elsatrans Ltd,2
2011,Emc Information Systems International,2
2011,Emerald Contract Cleaners,1
2011,Emerald Restaurants Ltd T/A Lotus House,3
2011,Emmet Stores Ltd,1
2011,Emutex Ltd,1
2011,"Enable Ireland Disability Services Ltd.,",1
2011,Enbu Consulting Ltd,1
2011,Energoinvest Reach Active Ltd,2
2011,Enerit Ltd,1
2011,Ennis Pkr Ltd T/A Ryans Centra,1
2011,Enovation Solutions Limited,1
2011,Entertainment Enterprises Ltd T/A T.G.I. Fridays,1
2011,Environmental Systems Research Institute Ireland Limited T/A Esri Ireland Ltd,1
2011,Eoin Griffin,2
2011,Ergoservices Limited,1
2011,Ericsson Systems Expertise Limited,1
2011,Ericsson Systems Expertise Ltd,5
2011,Ernst & Young,59
2011,Escher Europe Ltd.,2
2011,Esker Lodge Limited T/A Esker Lodge Nursing Home,5
2011,Esker Property Holdings Ltd T/A Hazel Hall Nursing Home,2
2011,Esstech Solutions Limited,1
2011,Estrolink Ltd,1
2011,Etihad Airways Pjsc,1
2011,Eurizonlife Limited,1
2011,Euro Care Healthcare Ltd T/A Whitfield Clinic,1
2011,Euro Environmental Services,1
2011,Euro Plaza Hotel Ltd T/A Mullingar Park Hotel,1
2011,Eurocollege Institute Of Education Limited,1
2011,Eurowaste & Recycling Ltd,5
2011,Ever Ready Car Valeting Ltd,1
2011,Ever Spice Restaurant,1
2011,Exact Digital Ltd T/A Exact,1
2011,Excelsior Chinese Takeaway,1
2011,Executive Lets Eat In T/A Lets Eat In,4
2011,Export Edge Services Ltd,1
2011,Express Check-Out (Trim),1
2011,Express Check-Out (Trim) T/A Supervalu,2
2011,Ezetop Limited,1
2011,Fabricated Products (Shannon) Ltd.,2
2011,Facebook Ireland Limited,30
2011,Fairfield Nursing Home,3
2011,Fannin Healthcare,1
2011,Fashionflo Limited,3
2011,Fat Tony'S Barber Shop,1
2011,Favara Ltd,1
2011,Fds Financial Data Services Ltd,2
2011,Feedhenry Ltd,2
2011,Ferfics,1
2011,Fermoy Woodland Nurseries Limited,1
2011,Fexco,1
2011,Fhh Farrelly Heavy Haulage,1
2011,Field Marketing Ireland Consultancy Group Limited T/A F.M.I,1
2011,Financial Insurance Group Services Limited,1
2011,Fineos Corporation,2
2011,Firestryker Industries Ltd,1
2011,First Choi'S Enterprise Limited,1
2011,First Express Ltd,1
2011,First Merchant Processing (Ireland) Limited,1
2011,First Start Ltd. T/A Eddie Rockets,1
2011,Firstcare Ireland Blainroe Limited,5
2011,Firstcare Ireland Earlsbrook Ltd,1
2011,Firstcare Ireland Kilcock Limited,4
2011,Firstcare Ireland Ltd,2
2011,Firstcare Ireland Northbrook Ltd,1
2011,Fisher Property Management,1
2011,Fit For Life Ltd,1
2011,Fitzers Cafe Temple Bar Square Limited,1
2011,Fitzers Catering,1
2011,Fitzpatrick Castle Hotel,1
2011,Fitzwilliam Lawn Tennis Club,2
2011,Flairline Fashions Ltd,1
2011,Flannery'S Nursing Home Ltd,2
2011,Fleet Matics Ireland Ltd,2
2011,Flightman Ltd,1
2011,Floratec Trading Ltd,1
2011,"Florence Mccarthy, Patricia Mccarthy, David Hyland, Anne-Marie Walsh, Yvonne Mccarthy",1
2011,Fm Mobiles,1
2011,Fmc Insights Limited,2
2011,Focus Food Ltd T/A Toss'D,1
2011,Fold Housing Association Ireland Ltd T/A Fold Ireland,1
2011,Football Association Of Ireland,1
2011,Foras Na Gaeilge,1
2011,Forensic Technology (Europe) Ltd,1
2011,Fort Information Technologies Ltd,1
2011,Fortberry Ltd,1
2011,Fourseas,1
2011,Foxberry Limited,1
2011,Foxfield Properties Ltd,1
2011,Foxfield Properties Ltd T/A Centra,1
2011,Foxfield Properties Ltd T/A Centra Supermarket,1
2011,Frank Grant Garages Ltd T/A Texaco Service Station,1
2011,Frank Mortimer Limited,1
2011,Frisco Ireland Limited T/A Mcdonald'S Restaurant,1
2011,Frs Network Amalgamated Co-Op,2
2011,Frs Network Amalgamated Society Ltd,1
2011,Ft Interactive Data ( Ireland ) Limited.,1
2011,Fullfillment Of Information Technology Service Ltd,1
2011,Fundtech Limited,2
2011,Fusco Foods Ltd,1
2011,Fusco Foods Ltd T/A Fusco Foods,1
2011,Fw Woods Ltd T/A Davis Supervalu,1
2011,G Pace Limited T/A Heart Rhythm Ireland,1
2011,G4S Integrated Services (Ire) Ltd,1
2011,G4S Security Services (Ireland) Ltd,1
2011,Gala Networks Europe Limited,7
2011,Galileo Cafe,1
2011,Gallagher'S Service Station,1
2011,Galway Bay Hotel,1
2011,Galway Clinic Ltd,3
2011,Galway Educate Together National School,1
2011,Garden Catering Ltd,1
2011,Gareth Davis,1
2011,Garlant Catering Limited,1
2011,Gary Payne,1
2011,"Gatehalf Ltd, Kilkenny River Court Hotel",1
2011,Gcd Cafe Limited,1
2011,Ge Capital Aviation Services Ltd.,3
2011,Ge Capital European Funding,1
2011,Ge Commercial Aviation Services Ltd.,1
2011,Ge Financial Markets,1
2011,Ge Sensing Emea,1
2011,Geneva Ireland Financial Trading Limited,1
2011,George Frisby & Co,1
2011,George Miller,1
2011,George Wakefield & Prasert Siharong T/A Thai Palace,2
2011,Geraldine Mitchell,1
2011,Gerard Feehily & Rory O'Dwyer,1
2011,Gerard Hall Dental Surgeon,1
2011,Gerard Horgan,1
2011,Gerard Laboratories / See Mcdermott Laboratories,2
2011,Gerard Martin Bohan,1
2011,Gerard Mcgrath & Brian Mcgrane,1
2011,Gerard Ward & Gerard Tully & Claire Rynne,1
2011,Germahon Ltd T/A New Horizons Ireland,1
2011,Gerolas Ltd,1
2011,Gerolas Ltd T/A Lemongrass Liffey Valley,2
2011,Gerry Cassidy & Devi Singh,1
2011,Gerson Lehrman Group (Ireland) Limited,3
2011,Giraffe The Agency Limited,1
2011,Glass Lewis Europe Ltd,2
2011,Gleann Na Ri Property (Galway) Ltd,1
2011,Gled Lighting Europe Lts,2
2011,Gleeson Meats (Donaghmede) Ltd,4
2011,Gleeson Wines And Spirits Ltd,1
2011,Glenashling Nursing Home,5
2011,Glenaulin Nursing Home Limited (Tree Top Investments Ltd),6
2011,Glenbeigh Records Management Ltd,1
2011,Glencree Centre For Reconciliation,1
2011,Glendonagh Residential Home Limited,3
2011,Gleneagle Hotel,6
2011,Glenpatrick Natural Mineral Watercoolers Ltd,1
2011,Global Betting Exchange Ltd,1
2011,Global Indemnity Services Ltd,1
2011,Globe Technical Services Ltd,4
2011,Globoforce Ltd,1
2011,Gmc Civil & Mechanical Engineering Limited,1
2011,Godfrey Bond & Majella Bond T/A Bond & Associates,1
2011,Golden Croissant Ltd,1
2011,Golden Mill Restaurant,1
2011,Goldman Sachs Bank (Europe) Plc,1
2011,Goodman Medical Ireland Ltd,1
2011,Google Ireland Limited,148
2011,Gowran Abbey Nursing Home,1
2011,Graceside Ltd T/A Paparazzi,1
2011,Grafton Recruitment Limited,1
2011,Graigue Restaurants Limited T/A Mc Donalds Cork,1
2011,Granco Ltd,1
2011,Grand Partitions Ltd,1
2011,Grangebarry Stables,1
2011,Grant Thornton,5
2011,Grattan Park Ltd,1
2011,Green Pasture Meats Ltd,4
2011,Green Pastures (Donegal) Limited,1
2011,Greystones Nursing Home,1
2011,Greystones Nursing Home Limited,1
2011,Grosvenor Cleaning Services Ltd.,2
2011,Grovelands Childcare Ltd,1
2011,Guang Tai Hu,1
2011,Guardian Healthcare Limited,5
2011,Guerins Superstore T/A Garveys Supervalu,1
2011,Gulfstream Business Consulting Ltd,1
2011,Gweedore Bar & Restaurant,1
2011,H & K Manufacturing Ltd,1
2011,H A O'Neill,1
2011,H C Developments Ltd,3
2011,H.P. & Associates Limited,1
2011,Halal Food & Grocery Limited T/A Kebabish Tandoori,1
2011,Handy Baby Products Ltd,1
2011,Hannover Life Reassurance (Ireland) Limited,1
2011,Hansen Corporation Europe Ltd,2
2011,Happy Garden Chinese Restaurant,1
2011,Happy Inn Restaurant & Takeaway Ltd,1
2011,Hartford Life Limited,1
2011,Harvey Norman Trading (Ireland) Limited,1
2011,Harvey'S Point Country Hotel,1
2011,Haunted Planet Studios Ltd,1
2011,Haven Bay Care Centre Ltd,6
2011,Havenwood Retirement Village Ltd,1
2011,Hayden Health Care Ltd.,3
2011,Hazelbrook Catering Ltd,2
2011,Hbv Ireland Ltd,3
2011,Hcl Technologies Europe Ltd,6
2011,Health Services Executive,237
2011,Heather Thompson,1
2011,Heatherlee Nursing Home,1
2011,Hedigan'S Ltd T/A The Brian Boru,1
2011,Heneghan Peng Architects Ltd,1
2011,Henkel Ireland Limited,1
2011,Henry Doherty,1
2011,Herbert Park Hotel,1
2011,Hermitage Medical Clinic,10
2011,Hertz Europe Service Centre Limited,4
2011,Hewlett Packard Galway Ltd,1
2011,Hewlett-Packard Ireland Ltd,3
2011,Hickey'S Pharmacy Limited T/A O'Connells Pharmacy,1
2011,Highview Inns Ltd,1
2011,Hillgrove Hotel T/A Reganville Ltd,1
2011,Hilton Dublin Hotel,1
2011,Hmh Ip Company Ltd,1
2011,Hms Host Ireland Ltd,2
2011,Hnj Ltd,1
2011,Hoi Ping Mok,1
2011,Hollister Ulc,3
2011,Holy Family Nursing Home,2
2011,Home Fare Services ( Cafe Kylemore ),1
2011,Home Instead Senior Care Ireland Ltd,2
2011,Homebase House And Garden Centre Ltd,1
2011,Homecare Medical Supplies Ltd,1
2011,Homefare Services ( Cafe Kylemore ),1
2011,Honeybridge Ltd T/A Boomers Bar,1
2011,Honeywell Measurex (Ireland) Ltd,2
2011,Horgans Delicatessen Supplies Ltd.,1
2011,Hospitaller Order Of St. John Of God (Bluebell) T/A Menni Services,2
2011,Hospitaller Order Of St. John Of God (Shankill),1
2011,Hostelworld.Com Ltd,1
2011,Houlihans Retail Ltd T/A Bb'S Coffee And Muffins,1
2011,Hourican Hygiene Services Ltd T/A Master Clean,1
2011,Howth Golf Club,1
2011,Hsbc Bank Plc,1
2011,Hsbc Life (Europe) Limited,1
2011,Hsbc Securities Services Ireland Limited,2
2011,Hsd Education Ltd T/A Bct Institute,1
2011,Hsrsa Limited,1
2011,Huawei Technologies (Ireland) Co Ltd,4
2011,Hugo Boss Ireland Ltd,2
2011,Humar Ltd,5
2011,Humar Ltd T/A Marymount Nursing Home,1
2011,Hunters Hotel Ltd,1
2011,Hutchinson 3G Ireland Ltd,1
2011,Hy-Tech Drilling Ireland Ltd,12
2011,Hydro Carbon Processors Ltd,2
2011,I.B.A.T. Ltd,1
2011,I.T. Rollout Consultancy Limited,1
2011,"Iaeste Ireland,",2
2011,Ian Rothery T/A Mace,1
2011,Ian Segal T/A Irish Jewel & Medallion Manufactures,1
2011,Iarnród Eireann - Irish Rail,1
2011,Ibm Global Services Bv,21
2011,Ibm International Holdings,25
2011,Ibm International Holdings(Mulhuddart),6
2011,Ibm Ireland Limited,23
2011,Icap Media Limited,1
2011,Icon Clinical Research Ltd,1
2011,Ida Ireland,1
2011,Ikea Ireland Limited,1
2011,Image House Photography Ltd,1
2011,Impartx Ltd,1
2011,Incognito Interactive Limited,1
2011,Indie Spice Restaurants Ltd,2
2011,Infacta Ltd,1
2011,Infineon Technologies Irl Ltd,1
2011,Inflight Audio Ltd,1
2011,Information Mosaic Limited,2
2011,Infosys Technologies Limited (Ireland),42
2011,Ing Bank N.V.,1
2011,Ingersoll-Rand International,3
2011,Inglewood Hotels Ltd T/A Zuni Hotel,1
2011,Inis Ban Limited,3
2011,Inis Ban Limited T/A Cramers Court Nursing Home,1
2011,Inishan Nursing Homes & Co Ltd T/A Padre Pio House,1
2011,Innodata Isogen Europe Limited,1
2011,Instore Cafe Ltd,1
2011,Intel Ireland Limited,21
2011,Intel Israel On Secondment To Intel Ireland Ltd.,2
2011,Intel Shannon Limited,8
2011,Inter-Med-Clinic Medical Care Limited,1
2011,International Leisure Group Ltd T/A Crunch Fitness Temple Bar,3
2011,International Organisation For Migration,1
2011,International Rugby Football Board,1
2011,International School Of Dublin,1
2011,International Society For Krishna Consciousness (Ireland) Limited,1
2011,Intuition Publishing Limited,1
2011,Intune Networks Ltd,1
2011,Inver Bathrooms Limited,1
2011,Inver Inns Ltd,1
2011,Investment Technology Group Europe Limited,1
2011,Ion Trading Ireland Ltd,1
2011,Ionet Ltd,1
2011,Ipone Limited,3
2011,Iptrix International Limited,1
2011,Ireland Roc Ltd T/A Esso 9Th Lock Service Station,1
2011,Ireland United States Commission For Educational Exchange,1
2011,Ireland United States Commission For Educational Exchange T/A Fulbright Commission,16
2011,Irelands Education Recruitment Co. Ltd,1
2011,Irish Bookkeeping Services Ltd,1
2011,Irish Clinical Oncology Research Group Ltd,1
2011,Irish Country Meats (Wexford),2
2011,Irish Dairy Board Co-Operative Ltd,2
2011,Irish Guide Dogs Association,1
2011,Irish Hockey Association T/A Irish Hockey Ltd,2
2011,Irish Life And Permanent,1
2011,Irish Rugby Football Union,17
2011,Irish Rugby Football Union - Connacht Branch,1
2011,Irish Rugby Football Union - Leinster Branch,1
2011,Irish Rugby Union Players Assosiation,1
2011,Irish Table Top Group Ltd,1
2011,Irish Triathlon Association Limited,1
2011,Iron Mountain Ireland Limited,1
2011,Ironplanet Limited,1
2011,Ironshore Europe Limited,2
2011,Isboye Associates Ltd,1
2011,Iskcon (Ire) Ltd,1
2011,Iss Ireland Limited,25
2011,Iss Ireland Limited T/A Iss Facility Service Security,28
2011,Izzet Acikgoz,1
2011,J & S Property Managment Ltd,1
2011,J M Canty International Ltd,1
2011,J.P. Morgan Bank (Dublin) Plc,1
2011,J.P. Morgan Hedge Fund Services (Ireland) Ltd,2
2011,Jabre Ltd,2
2011,Jackson'S Hotel (Ballybofey) Ltd.,1
2011,Jacobs Engineering Ireland Limited,5
2011,Jaipur Ltd,11
2011,"Jaipur Ltd T/A ""Curry In A Hurry""",3
2011,Jamena Investments Limited,2
2011,Jamena Investments Limited T/A Abrakebabra/Chickking Waterford,1
2011,James Farrell T/A Spar Dutch Village,1
2011,James Joseph Reddy,1
2011,James Murphy & Sons Ltd,1
2011,James Quinn,3
2011,James S Bolger,7
2011,Janette Lynch,1
2011,Japan Foundation,1
2011,Jasmine House,1
2011,Jay Joe Ltd T/A Cactus Jacks,2
2011,Jaykay Leisure Limited,1
2011,Jc Savage Supermarket Ltd T/A Jc'S Supermarket,2
2011,Jcdecaux Ireland Limited,1
2011,Jessica Harrington,1
2011,Jesuit Missions,1
2011,Jewel Hygiene Ltd,1
2011,Jimmy Kao Weng Huat T/A Pearl Garden,2
2011,Jkn Catering Limited T/A Zen Thai,1
2011,Jkp Nursing Home Ltd,1
2011,Joan Long,1
2011,Joe Flynn T/A Londis Topshop,1
2011,John & William Browne T/A Grangebarry Partnership,1
2011,John Burke (Dr.),1
2011,John Connor T/A Downings Bay Hotel,1
2011,John Courtney And Stephen Courtney T/A Circus Vegas,4
2011,John Deere Forestry Ltd,1
2011,John Duffy (Supermarket) Ltd T/A Duffys Supermarket,2
2011,John Francis T/A Menlo Park Hotel,1
2011,John Gerard Casey,1
2011,John Hassett,1
2011,John Maguire & Company,1
2011,John Mcnulty,1
2011,John O'Donnell,1
2011,John O'Hare T/A O'Hare Butcher And Halal Foodstore,1
2011,John O'Neill,1
2011,John Player & Sons Limited,1
2011,John Prendeville,1
2011,John Ryan,1
2011,John Skelly,1
2011,John Swan Ltd,1
2011,John Thomas Bradbury,1
2011,John Thomas Bradbury T/A Bradburys,4
2011,Jolt Online Gaming Ltd,1
2011,Jonathon Bourke,1
2011,Joseph Butler & Ingrid Ashmore Butler,2
2011,Joseph Coletti T/A Coletti'S Take Away,1
2011,Joseph Kenny & Sebastian Devlin,1
2011,Joseph Mccormac T/A Maxol Mace Service Station,1
2011,Joseph Murphy (Drogheda),1
2011,Joseph Peters,2
2011,Joseph Walsh Furniture Company Ltd T/A Joseph Walsh Bespoke,1
2011,"Joseph, John & Derek Comerford",1
2011,Josephine Hughes,1
2011,Jp Hair & Beauty T/A Sally Salon Services,1
2011,Juddmonte Farms Ireland Ltd,2
2011,Judith Meagher,1
2011,Juliet & Ojo Adetudimu,1
2011,Just-Eat Ireland Ltd,1
2011,K & M Lynskey & Company Limited,2
2011,K & N Foods Ltd,1
2011,Kamdy'S Limited,1
2011,Kanum Thai Limited T/A Kanumthai,2
2011,Kaptec Contact Centre Services Ltd,1
2011,Karinsvard Ltd.,1
2011,Karl Fitzgerald Applegreen Rathcoole,1
2011,Karma Restaurant Ltd T/A Kashmir Indian Restaurant,1
2011,Karter Property Maintenance Group Limited,1
2011,Kasterlee Ltd T/A Clarion Hotel Cork,1
2011,Kasterlee Ltd T/A Clarion Hotel Suites,1
2011,Kavaleer Productions Limited,1
2011,Kawasaki Distributors (Irl) Limited,1
2011,Kayfoam Woolfson,4
2011,Kb Ventures Ltd,1
2011,Kdb Ireland Limited,1
2011,Keadeen Hotel,1
2011,Keane International (Uk) Limited,5
2011,Kebab Palace Ltd,1
2011,Kee'S Hotel,1
2011,Keegan Quarries Ltd,1
2011,Keegans Laundrette,1
2011,Keelings,1
2011,Keelings (Distribution) Ltd,1
2011,Keenan Property Management Limited,1
2011,Keenan'S Bar Tarmonbarry Ltd,1
2011,Keenos Limited,1
2011,Keg Securities Tralee Limited,1
2011,Kellogg Europe Trading Limited,4
2011,Ken & Patricia Nuhan T/A Midland Meats,1
2011,Kenneally Bus Services Ltd,1
2011,Kennedy Security & Consultancy Ltd,9
2011,Kenny Agrisoft Ltd,2
2011,Kennycourt Stud Farm,1
2011,Kepak Group Ltd,24
2011,Kerala Spice Ltd,1
2011,Kerry Food Ingredients (Cork) Limited,1
2011,Kerry Group Services Ltd,10
2011,Kerry Outdoor Leisure T/A Eclipse Ireland,1
2011,Kerzak Ltd,1
2011,Kevin Aherne,1
2011,Kevin Carroll,1
2011,Kevin Keeney Ltd T/A Bakersville,1
2011,Key Enterprises (Restaurant) Ltd,1
2011,Key Waste Management Ltd,3
2011,Keywords International Ltd,2
2011,Kielys Distribution Ltd,1
2011,Kilbrew Recuperation & Nursing Care Ltd,6
2011,Kilcock Service Station Ltd T/A Brownes Londis Topshop,1
2011,Kilcullen Family Practice,1
2011,Kildare Chilling Co. Ltd.,10
2011,Kildorough Mushrooms,3
2011,Killarney Autos Ltd.,3
2011,Killarney Guest House,2
2011,Killiney Hotels Ltd,2
2011,Killucan Nursing Care Centre Ltd.,2
2011,Killucan Nursing Care Centre T/A Roselodge Nursing Home,2
2011,Killyglasson Ltd T/A Riverdale Nursing Home,1
2011,Kilmainham Square Hotel Ltd T/A Hilton Dublin Kilmainham,2
2011,Kilrush District Hospital Ltd.,2
2011,Kin Khao Thai(Gorey) Limited T/A Kin Khao Thai Restaurant,1
2011,Kinara Restaurant Ltd T/A Kinara Restaurant,2
2011,Kingdom Restaurants Ltd,2
2011,Kingdom Restaurants Ltd T/A Mcdonalds (Killarney),3
2011,Kingside Computing Ltd,1
2011,Kingsley Hotel Ltd,2
2011,Kinsealy Property Ltd,2
2011,Kitelm Ltd,1
2011,Kitelm Ltd T/A Rostrevor House Private Nursing Home,2
2011,Kld Wellness & Chiropractic Ltd,1
2011,Kleinwort Benson Investors Dublin Limited,1
2011,Km Healthcare,1
2011,Knocknarea Fine Foods Ltd,1
2011,Kone Ireland Limited,1
2011,Korean Airlines,3
2011,Koverto Envelopes (Irl) Ltd.,3
2011,Kowsar Howlader,1
2011,Kpmg,9
2011,Ktwok Ltd,1
2011,Kwok Keung Tsang T/A King Palace Oriental Restaurant & Take Away,1
2011,Kwong Cheong Lee,1
2011,Kylemore Private Nursing & Convalescent Home Ltd.,2
2011,Kysna Ltd,1
2011,L M Carey & Co Limited,1
2011,La Cucina Di Nonna Valentina Ltd T/A Nonna Valentina,1
2011,La Dolce Vita Catering,1
2011,La Rousse Foods Ltd,1
2011,Labond Ltd. (T/A Botticelli),1
2011,Ladbury Enterprises Ltd T/A K.F.C (Kentucky Fried Chicken),1
2011,Ladoce Limited,1
2011,Lady Edgeworth Nursing Home Ltd,1
2011,Lady Edgeworth Nursing Home Ltd T/A Our Ladys Manor,1
2011,Lake Communications Limited,1
2011,Lake View Cafe,1
2011,Lakeside Mushrooms Ltd,3
2011,Lampu Chapen Kelleher T/A Cork Thai Massage Centre,1
2011,Lanigan International Freight Ltd,1
2011,Larchfield Park Nursing Home,1
2011,Largo Food Exports,2
2011,Laurac Ltd T/A Eddie Rockets,2
2011,Laurel Lodge Nursing Home,1
2011,Laurelwood Montessori Limited,2
2011,Lavin Bros (Kiosks) Ltd,1
2011,Leaders Enterprises Ltd,1
2011,Leaseplan Infrastructure Services Ltd,1
2011,Lec Ireland Employment Limited,1
2011,Leeson Park House Nursing Home,1
2011,Leinster Cricket Club,1
2011,Leinster Education And Technology Ltd,1
2011,Leopardstown Park Hospital,1
2011,Letsgomart Ltd,1
2011,Lg Foods Ltd,1
2011,Li Kun Chen,1
2011,Liam & Julia Holland T/A Grange Con Nursing Home,6
2011,Liam Horgan Ltd,1
2011,Liam Tedford,2
2011,Liberty Mutual Direct Insurance Company Ltd,1
2011,Lidl Ireland Gmbh,4
2011,Life Wellness Company Ltd,1
2011,Lightridge Ltd,2
2011,Lily Chan T/A China Dragon Chinese Restaurant,2
2011,Linders Of Smithfield,1
2011,Linkedin Ireland Ltd,9
2011,Linrath Holdings Ltd T/A Therapie,1
2011,Lionbridge Ireland Limited,1
2011,Lisheen Nursing Centre Ltd.,4
2011,Lisk Ireland Ltd,2
2011,Lite Bite Restaurant (T/A Rinuccini Restaurant),1
2011,Little Maples Creche & Pre School,1
2011,Little Sisters Of The Poor,1
2011,Livingsocial Europe Limited Mason Hayes & Curran Solicitors,1
2011,Ljm Retail Ltd,1
2011,Lm Ericsson Limited,37
2011,Lochking Limited,1
2011,Lockson Investments T/A David Martin,1
2011,Lofthouse Catering Limited T/A The Punjab Pantry,1
2011,Londis Top Shop Snackton Ltd T/A Londis Top Shop,1
2011,Longford Town F.C,1
2011,Loreto High School Beaufort,1
2011,Lotamore Co. Ltd T/A The Barn Restaurant,1
2011,Loughlin J. Sweeney,1
2011,"Louis Mcnally, Stella Maris Nursing Home",1
2011,Lrm Hospitality Ltd,1
2011,Lucan Lodge Nursing Home,4
2011,Lufthansa Airmotive Ireland Ltd,2
2011,"Luigi Malones, - Standquay Restaurants Ltd,",1
2011,Lumension Security Ireland Ltd,1
2011,Luxor Leisure Ltd,1
2011,Luxor Leisure Ltd T/A Radisson Sas Royal Hotel,1
2011,Luxury Reservations Limited,1
2011,Lynams Newsagents & Deli,1
2011,Lynch Group (Clonbur) Ltd. T/A Centra Foodmarket,1
2011,Lynsey Mcgovern,1
2011,Lyrath Estate Hotel Ltd,1
2011,M & B Conversions Ltd,1
2011,M & J Glesson & Co.,1
2011,M C T Catering Ltd,2
2011,M L B Limited,1
2011,M Murphy Insurance Services Ltd,1
2011,M V Nursing Ltd T/A La Verna Nursing Home,1
2011,M&E Construction Ltd T/A Engineering Services Ireland,1
2011,M&W High Tech Projects Ireland Ltd,2
2011,M.C.M. Security Ltd,1
2011,M.J. Sheehan Limited,1
2011,M/S Edward Bohan & Charles Chawke T/A The Lord Lucan,1
2011,M3 Motorway Jv,1
2011,Mac Sandwich Ltd T/A The Oriental Kitchen,1
2011,Mackey & O'Sullivan Solicitors,1
2011,Macquarie Aviation Capital Ltd,1
2011,Macquarie Equipment Finance Services Ltd,1
2011,Macro Facilities Solution Ltd,2
2011,Maggiore Pizzeria Ltd T/A Bistro Bianconi,1
2011,Maher Doona Spillane T/A Athy Veterinary Hospital,1
2011,Maher O'Rourke Limited T/A Mor Solutions,1
2011,Majibul Hoque,1
2011,Majid Abued T/A The Bedlinen Warehouses,1
2011,Malik And Sons Foods Ltd,1
2011,Mama Bagena Joint Venture Ltd T/A Royal Dorbar,1
2011,Man Hing Wai & Sat Lian Yong,3
2011,Mandate,1
2011,Mandy Moriarty & Aileen Renehan T/A Xano,1
2011,Manguard Plus Limited,1
2011,Manjki Limited,1
2011,Mannings Bakery Retail,1
2011,Manor Care (International) Limited,1
2011,Manor Leisure Limited,13
2011,Manus & Gerard Gallagher T/A Bookstation,1
2011,Maple Court Nursing Home Ltd,1
2011,Margaret Kinsella,1
2011,Margaret Martin T/A Padre Pio Rest Home,1
2011,Marian Basketball Club,1
2011,Marine Computation Services Ltd,1
2011,Mark Shannon,1
2011,Marketo Emea Ltd,3
2011,Marsella Borza Partnership,2
2011,Martin Molloy,1
2011,Martin'S Garage (Bailieboro) Ltd,1
2011,Marvelbrook Ltd,1
2011,Mary Farrell,1
2011,Mary Hutch,1
2011,Mary Kennedy,1
2011,Mary M Redmond,1
2011,Mary Noone,1
2011,Mary Touhy / Sean Touhy T/A Kiddies Choice Creche,3
2011,Mary Walsh T/A Ardeen Nursing Home,1
2011,Maryborough Nursing Home,3
2011,Masonic Havens Ltd T/A St. Josephs Nursing Home,1
2011,Master Burger Investments,1
2011,Mater Hospital,11
2011,Mater Private Hospital,7
2011,Matthew Buckley (Dental Surgeon),1
2011,Maybin Property Support Services (Ireland) Limited,14
2011,Mayo Education Centre,1
2011,Mbna Ireland Ltd (Leitrim),1
2011,Mc Donalds Restaurants Of Ireland Ltd T/A Maple Centre,1
2011,Mcafee Ireland Ltd,5
2011,Mcap Europe Limited,1
2011,Mccaffrey Lynch Partnership,1
2011,Mcdermott Laboratories Limited,7
2011,"Mcdonald'S Restaurant, Nutgrove - Perisan Restaurant Ltd.",1
2011,Mcdonnell Imaging Ltd,1
2011,Mcgee Foods Manufacturing Ltd,2
2011,Mchugh Ltd,3
2011,Mckesson Ireland Ltd,2
2011,Mcr Building Services Ltd,1
2011,Mcr Personnel Ltd,3
2011,Md7 International (Telecommunications) Ltd,2
2011,Meadow Meats Ltd.,1
2011,Mealine'S Day Nursery & Creche Ltd,1
2011,Medical Council,1
2011,Medtronic Vascular Galway Ltd,2
2011,Meghen Group Ltd,1
2011,Meher It Limited,1
2011,Mei Hong Wang T/A Mayflower Chinese Restaurant,1
2011,Melborne Health Care,1
2011,Melview Care Ltd,1
2011,Menfab Investments Ltd,1
2011,Mentecplus Integrated Solutions Limited,1
2011,Mentor Graphics ( Ireland ) Ltd.,1
2011,Merck Sharp & Dohme,1
2011,Mercy Hospital,11
2011,Merrill Brink International Ltd,1
2011,Merrill Lynch Capital Markets Bank Limited,2
2011,Merrion Cricket Club,1
2011,Mescall Bros Ltd,1
2011,Metalogic Ltd,1
2011,Metaltech Engineering Ltd,1
2011,Meteor Mobile Communications,2
2011,Metlife Europe Services Limited,5
2011,Mf Global Clearing Services Ltd,2
2011,Michael & Sally Casey T/A Carna Nursing Home,1
2011,"Michael Connolly & Sons Ltd., (Supervalu)",1
2011,Michael Cuddy & Co,1
2011,Michael Galvin,1
2011,Michael Guiney Ltd,2
2011,Michael Hennessy,1
2011,Michael J Lynham T/A Lynhams Of Laragh,1
2011,Michael J. Meagher,1
2011,Michael Jane & Séamus Dunphy T/A M&J&S Dunphy,1
2011,Michael Lambert Tractors,1
2011,Michael Mccormack & Carmel Devaney T/A St. Teresa'S Nursing Home,1
2011,Michael Nolan Steel Fabrications Ltd,1
2011,Michael Sheridan And Barry Gillen,1
2011,Michael Wright,1
2011,Microsoft Ireland Operations Limited,13
2011,Microsoft Ireland Research,9
2011,Midland Steel Reinforcement Supplies Ltd,1
2011,Midleton Rugby Football Club,1
2011,"Migrant Rights Centre Ireland Ltd.,",1
2011,Milgan & Dilgan Ltd T/A Sos Property Services,1
2011,Mill Race Nursing Home Ltd,2
2011,Millbrae Lodge Nursing Home,1
2011,Millbury Care Centre T/A Rossclare Nursing Home Limited,2
2011,Milltown Inns Ltd,2
2011,Miss Belinda Justiniane,1
2011,Miss Kathleen Ryan,1
2011,Misys International Banking Systems Limited,1
2011,Mitsubishi Ufj Lease & Finance (Ireland) Limited,1
2011,Mitsui Sumitomo Reinsurance Ltd,1
2011,Mjbch Limited,2
2011,Mjbch Limited T/A D4Hotels.Com,2
2011,Mm Technology Ltd,2
2011,Mnms Developments,2
2011,Mnms Developments T/A Elm Green Nursing Home,1
2011,Moanbaun Limited T/A Cleary'S Loss Assessing & Insurance Service,1
2011,Modern Concepts Ltd,1
2011,Modeva Interactive,1
2011,Mohamed Abbas & Reda Khalika T/A Monto Cafe,1
2011,Mohammad Amin,1
2011,Mohammad Amin T/A Nite Bites,1
2011,Mohammad Idris Abdullah,2
2011,Mohammad Ishaq T/A Ziafat Tandoori Indian Restaurant,1
2011,Mohammed Kazol & Azal Talukdar,1
2011,Mohammed Walid Miah,1
2011,Moira Carroll,1
2011,Moja Stylist Ltd,1
2011,Monaghan & Sons Headford Ltd,1
2011,Moneymate Limited,2
2011,Monsoon Foods Ltd,1
2011,Montenotte Care Centre Ltd,3
2011,Monzio Ltd.,1
2011,Moore Enterprises Ltd,2
2011,Moorehall Lodge Healthcare Services Ltd T/A Moorehall Lodge Nursing Home,1
2011,Moport Ltd T/A Koh Restaurant And Cocktail Bar,1
2011,Morbury Limited T/A Top Security,1
2011,Morecome Partnership T/A Rivervale Nursing Home,1
2011,Moriarty Investments Limited,3
2011,Morris Dental Company,1
2011,Morse Solutions Ltd,1
2011,Mount Carmel Medical (South Dublin) Ltd,1
2011,Mount Carmel Medical Group (Kilkenny) Ltd,4
2011,Mountain Glow Ltd T/A Sentry Security,1
2011,Mowlam Healthcare Ltd,22
2011,Mowlam Healthcare Ltd T/A Moycullen Nursing Home,1
2011,Moyvalley Meats (Irl) Ltd,1
2011,Mphasis Ireland Ltd,18
2011,Mr Adrian David,1
2011,Mr Changfu Gao,1
2011,Mr Chung Kei Lo,1
2011,Mr David Evans,1
2011,Mr Dzenis Maroz,1
2011,Mr Graham A Large,1
2011,Mr Harish Sharma,1
2011,Mr John Morgan,1
2011,Mr John Sheehy T/A S O S Security Services,2
2011,Mr Massimo Toselli T/A The Roma Grill,1
2011,Mr Maurice Brady,1
2011,Mr Mauro Artini,2
2011,Mr Michael Feeney,2
2011,Mr Oliver Roche,1
2011,Mr Patrick Fogarty,1
2011,Mr Raymond P Conboy,1
2011,Mr Yun Ping Huang T/A Good Friends Chinese Restaurant,1
2011,Mr. Brendan Grant,1
2011,Mr. Claudio Macari,1
2011,Mr. Patrick M. Keane,1
2011,Mr. Thongdao Kaekam,1
2011,Mr. Vincent Hanlon T/A Vinny Hanlon Catering,1
2011,Mrs Angela Lyne,1
2011,Mrs Hester Sofia Black,1
2011,Mrs Winnifred Nolan,1
2011,Ms Valerie Redmond,1
2011,Ms. Margaret Ryan,1
2011,Ms. Sara Hanrahan,2
2011,Msd International Gmbh - Irish Branch,4
2011,Mtc Healthcare Ltd,1
2011,Muglin Ltd,1
2011,Muglin Ltd T/A Spar,1
2011,Mull Enterprises Ltd.,3
2011,Mullaghmore Holiday & Leisure Centre Limited,1
2011,Mulranny Day Centre Housing Co. Ltd,1
2011,Multilane Ltd T/A Heather House Hotel,1
2011,Murphy Mallard Consulting Ltd T/A Bras.Ie,1
2011,Murphy'S Java Juice Ltd,1
2011,Mvci Services Ltd,3
2011,Myles P. Sunderland,1
2011,Myra Wardrop T/A Mistys Hair Salon,1
2011,Nae Young Jung T/A 2Young International,1
2011,National Digital Research Centre Limited T/A Ndrc,3
2011,National Irish Bank Limited,1
2011,National Maternity Hospital,3
2011,National Organic 160 Products Ltd,3
2011,National Rehabilitation Hospital,2
2011,National Support Services Limited T/A National Property Services,2
2011,"National University Of Ireland, Galway",3
2011,"National University Of Ireland, Maynooth",7
2011,Nationwide Controlled Parking Systems Ltd,3
2011,Natsara Moher,1
2011,Needia Ltd,1
2011,Neil Doherty & Joseph Doherty T/A Joe Jacksons,1
2011,Nellcor Puritan Bennett Ireland,1
2011,Nemeco Ltd T/A Boyne Valley Nursing Home,1
2011,Neptune Basketball Club,1
2011,Neriki Europe Limited,1
2011,Neville Hotels Limited T/A Royal Marine Hotel,2
2011,Nevora Limited,1
2011,New World Chinese Take Away,1
2011,Newbay Software Ltd,2
2011,Newbrook Nursing Home,7
2011,Newbrook Nursing Home Limited,1
2011,Newcastlewest Nursing Homes Ltd,4
2011,Newlands Nurseries Limited T/A Newlands Garden Centre,1
2011,Newmore Ltd T/A Murphy'S Of Charlestown,1
2011,Newpark Care Centre,2
2011,Newpark Care Centre Ltd,2
2011,Newsmill Ltd,1
2011,Next Retail Limited,2
2011,Neylons Maintenance Services Limited,2
2011,Nhcs Limited T/A Irish Wireless,1
2011,Niall Griffin,1
2011,Niall Mccarthy,1
2011,Niall O'Keefe,1
2011,Nicole Dillon,1
2011,Nirocon Ltd,3
2011,Nivalis Limited,1
2011,Nolan Precast Stone Walls Ltd,1
2011,Nollaig Nominee Ltd. T/A Four Seasons Hotel,4
2011,Noonan Services Group Ltd,14
2011,Noonan Services Ltd,8
2011,Nopsar Ltd,1
2011,Nora O' Leary,2
2011,Norwood Grange Nursing Home,1
2011,Norwood Nursing Home Ltd,6
2011,Novartis International Pharmaceuticals Ltd,1
2011,Novartis Ringaskiddy Limited,1
2011,Novartis Ringaskiddy Ltd,1
2011,Novell Ireland Software Limited,1
2011,Nt-Mdt Service & Logistics Ltd,1
2011,Nua Healthcare Services Ltd,1
2011,Nuala Woulfe Beauty Salon Ltd.,1
2011,Nucare Co. Ltd. T/A Glencarrig Nursing Home,1
2011,O'Callaghan Insurance Ltd,1
2011,O'Connors Confectionary Ennis Ltd(O'Connors Bakery),1
2011,O'Donovan Caulfield Lavin,1
2011,O'Gorman Brannigan Purtill & Co,1
2011,O'Hanrahan Lally,2
2011,O'Keeffes Of Kilkenny Ltd,2
2011,O'Mahony Pike Architects,1
2011,O'Mathuna (Hotel) Teo,1
2011,O'Reilly And Sons Ltd,1
2011,O'Reilly Commercials Ltd,1
2011,O'Shea (Newsagent) Ltd,1
2011,O'Shea Farms Limited,1
2011,O2 Environmental Smarttech Limited,1
2011,Oaklodge Nursing Home,4
2011,Oakmount Creche Ltd,1
2011,Oakwood Private Nursing Home,2
2011,Obelisk Communications Ltd,1
2011,Ocean Agent Ltd,1
2011,Ocs One Complete Solution Ltd,6
2011,Ocuco Ltd,1
2011,Odenberg Engineering Ltd,1
2011,Office Of Public Works,1
2011,Oghill Nursing Home(Eochaill Enterprises),5
2011,Ogilvy & Mather Group Ltd,1
2011,Ohagan Office Limited,1
2011,Old Belvedere Cricket Club,1
2011,Olema Consultants Ltd,1
2011,Olive Moriarty,1
2011,Oliver Carty Ltd,3
2011,Oliver J Connolly,1
2011,Olivia And Mary English T/A Sancta Maria,2
2011,Omega Nursing Home,1
2011,Omega Nursing Home Ltd,2
2011,On Semicunductor Ireland Research & Design Ltd,1
2011,Onm Systems Ltd,1
2011,Opcm Limited T/A Centra Terenure,1
2011,Open Sky Data Systems Ltd,1
2011,Openjaw Technologies Ltd,1
2011,Oracle Corporation,6
2011,Oracle Emea Limited,2
2011,Oracle Financial Services Software Bv,3
2011,Oracle Financial Services Software Limited (India),8
2011,Oracle India Private Limited,1
2011,Oracle Solution Services (India) Private Limited,3
2011,Orbiscom Ireland Limited,1
2011,Orchid Harbour Ltd,1
2011,Orchid Institute Limited,1
2011,Ordnance Survey Ireland,1
2011,Organon Ireland Limited,2
2011,Oriflame Research & Development Limited,1
2011,Origina Limited,1
2011,Origo Distribution Ltd T/A Origo,1
2011,Orkcalb Limited,1
2011,Orwell House Limited,1
2011,Orwell House Nursing Home,4
2011,Ostan Gugan Barra Teoranta,1
2011,Othello Guest House,1
2011,Otterbox Ireland Ltd,1
2011,Our Lady'S Childrens Hospital Crumlin,4
2011,Our Lady'S Hospice,4
2011,Our Lady'S Hospice Limited,1
2011,"Our Lady'S Manor Inc.,",3
2011,Owais Raz,1
2011,Oxigen Environmental,1
2011,P & B Security Services Limited,1
2011,P & J Security Services Ltd,3
2011,P.J. Hegarty & Sons,1
2011,P.Mccloskey & Sons Ltd,2
2011,Pablo Picante Ltd,1
2011,Paddy Anne & Brian Fahy,1
2011,Paddy Crowley John Gaffney & Partners T/A Mount Oval Bar,1
2011,Padraic Tuffy Limited,1
2011,Padraig Mc Gillicuddy,1
2011,Padraig Thornton Waste Disposal Ltd,1
2011,Padre Pio Nursing Home (Thurles),4
2011,Palm Global Operations Ltd,1
2011,Paragon Security Services Ltd,2
2011,Parke House Nursing Home Ltd,2
2011,Parkwest Cleaning And Security Services Limited,2
2011,Parmont Ltd,2
2011,Pathgate Ltd,1
2011,Patmar Allen Ltd T/A Prontaprint,1
2011,Patrician National School,1
2011,Patrick Coveney,1
2011,Patrick Hamish Thomas Jnr T/A Patrick Thomas Promotions,1
2011,Patrick Kennedy & Denis Mcelligott,3
2011,Patrick Lynch,1
2011,Patrick Prendergast,1
2011,Patrick Walsh,1
2011,Patrick Whelan,1
2011,Pattaya Chinese Restaurant Ltd T/A Pattaya Thai & Chinese Restaurant,1
2011,Paul & Mary Clare Rochford,6
2011,Paul & Mary Clare Rochford T/A Bridhaven Nursing Home,1
2011,Paul Deegan,3
2011,Paul Kenny,1
2011,Paul Killoran,1
2011,Paula & Micheal Cull,1
2011,Paula Mcbride,1
2011,Paulmur Management Ltd,1
2011,Paypal Europe Services Ltd,8
2011,Peamount Hospital,2
2011,Pearl Production Services Ltd T/A Pearl Audio Visual,1
2011,Pembroke Capital Ltd,1
2011,Pembroke Cricket Club,1
2011,Pembroke Wanderers Hockey Club,1
2011,Pepsi-Cola International Cork,1
2011,Perabell Ltd,1
2011,Percana International Managed Services,2
2011,Perki Chick,1
2011,Peter Dwan,1
2011,Peter Kingston,1
2011,Peter Lee,1
2011,Pfizer Ireland Pharmaceuticals,1
2011,Pfizer Shared Services,2
2011,Phan Luiga Wan T/A Sun Source Natural Food,1
2011,Pharmatrin Ltd,1
2011,Phelan Prescott + Co,1
2011,Phil-Irish International Services,1
2011,Phish International Services Ltd,1
2011,Pilz Ireland Industrial Automation,2
2011,Pims Thai Spa Ltd,1
2011,Pinewood Laboratories T/A Pinewood Healthcare,2
2011,Ping Chinese Takeaway Limited,1
2011,Pioneer Investment Management Limited (Pioneer),2
2011,Piosta Limited T/A Pizza Hut Delivery,1
2011,Pitman Training Swords,1
2011,Pitstop Restaurant,1
2011,Pizzeria Lascala Ltd,1
2011,Pj 'Gorman,1
2011,Pj Walls Leisure Ltd,1
2011,Plannet 21 Communications Ltd,1
2011,Plastic Water Piping Ltd,1
2011,Pocket Kings Limited,10
2011,Point Of Care Health Services Ltd,1
2011,Polaris Consultancy Ltd,1
2011,Polaris Software Lab. Ireland Ltd.,6
2011,Polarlake Ltd,1
2011,Ponaire Ltd,2
2011,Popcap Games International Ltd,5
2011,Portobello School Ltd,1
2011,Portroe Stevedores Ltd,1
2011,Power Plex Technologies Ltd,1
2011,Powervation Ltd,2
2011,Ppd Development Ireland Limited,7
2011,Pramerica Systems Ireland Ltd,27
2011,Precise Data Solutions Limited,1
2011,Premier Waste Management Ltd,1
2011,Presentation Convent Of Christ The King,1
2011,Pressxpress Ltd,1
2011,Prgx Uk Ltd,1
2011,Pricewaterhouse Coopers (Spencer Dock),16
2011,Pricewaterhousecoopers,4
2011,Primark T/A Penny'S,1
2011,Prince'S Investments Limited,1
2011,Priory Grove Development Ltd.,1
2011,Prl Group Limited,1
2011,Pro Tek Medical Ltd,4
2011,Procter & Gamble (Manufacturing) Ireland Limited,1
2011,Procuro Euro Limited,2
2011,Prodieco Ltd,1
2011,Professional Granite Consulting Ltd.,1
2011,Profile Developments,1
2011,Prometric Ireland Limited,1
2011,Propylon Ltd,1
2011,Prostrategy Colman,1
2011,Prostrategy Limited,1
2011,Protek Medical Ltd,3
2011,Provident Crm Ltd,1
2011,Provincial Security Services Ltd,1
2011,Prudential International Management Service Ltd,1
2011,Pui Foong Chaw T/A Penang Garden Asian Restaurant,1
2011,Puresafe Ltd,15
2011,Pwa International Limited,1
2011,Qian Kun Ltd,1
2011,Quality Freight Ltd,1
2011,Quartet Consulting Ltd,2
2011,Quay Nguyen,1
2011,Quay Printing Ltd,1
2011,Queen Of Peace Centre,2
2011,Quesada Developments Ltd,4
2011,Quest Software International Limited,3
2011,Qui Tiua Ou/ Guang Jun Li,1
2011,Quinn Group Ltd T/A Slieve Russell Hotel,1
2011,Quinn Healthcare,1
2011,Quinn Packaging,1
2011,Quintiles Ireland Limited,1
2011,R & J Beshoff Ltd T/A Beshoff Bros,1
2011,R & J Casey Ltd T/A Centra,1
2011,R A Pacaisti Teo,1
2011,R Blake-Knox & J Hynes T/A Reynolds Thomson Reed,1
2011,Rachel Prouse,2
2011,Radisson Hotels International Inc,1
2011,Raftery'S Centra Supermarket,1
2011,Rahber Ltd T/A Lal Quila,1
2011,Raheny House Nursing Home Ltd,2
2011,Raimonds Galvans T/A Slavik Gym Club,1
2011,Raj Indian Cuisine,1
2011,Ranbir Kaulsay,1
2011,Randor Computers Ltd T/A Computers Unlimited,1
2011,Raps Ltd T/A Spar,1
2011,Rasc Catering Management Limited,1
2011,Rathsheen Investments,1
2011,Rational Reproduction Ltd,1
2011,Ratoath Manor Nursing Home,1
2011,Rci Call Centre (Ireland) Limited,1
2011,Ready Chef Ltd,1
2011,Real Time Technologies,1
2011,Recordati Ireland Limited,1
2011,Red Box Direct Ltd,1
2011,Reda Boudissa T/A Full House,1
2011,Redcoral Catering Ltd,1
2011,Redwood Extended Care Facility Limited,1
2011,Regan Developments Limited,1
2011,Rehabcare,1
2011,Rekhi Trading Ltd,1
2011,Renaissance Security Services Ltd,3
2011,Renbury Catering Ltd,1
2011,Rentong Ren,1
2011,Repak Limited,1
2011,Reresearch Ltd,1
2011,Resource Facilities Support Limited,2
2011,Retreat Nursing Home,1
2011,Revolution Galleries Ltd T/A Cost Plus Sofas / Revo,1
2011,Rexxam Electronics Ireland Co Limited,1
2011,Rezmerita Limited T/A Polonez,1
2011,Rfc Security Limited,1
2011,Richard Lett,1
2011,Richard Mackey Ltd,1
2011,Rigney Dolphin Ltd,13
2011,Riordans Food House,1
2011,Riot Games Ltd,1
2011,Ripple Communication Ltd,1
2011,Riscorp Ltd,1
2011,Rival Construction Ltd,2
2011,Riverside Care Centre Ltd T/A Riverside Nursing Home,1
2011,Riverview Eggs Ltd,1
2011,Rlw Care Limited,1
2011,"Roadbridge Ltd., Civil Engineering & Building Contractors.",1
2011,Roadway Signs & Supplies Ltd,1
2011,Rob & Shajon Enterprises Limited,1
2011,Robert & Ursula Fagan,6
2011,Robert & Ursula Fagan T/A Ailesbury Private Nursing Home,9
2011,Robert Davis,1
2011,Robert Emmet C.D.P Limited,1
2011,Robert Healy,1
2011,Rocco & Marina Macari,1
2011,Roche Products (Ireland) Ltd,1
2011,Rochestown Nursing Home,4
2011,Rockall Technologies Limited,1
2011,Rockshire Care Centre & Maypark House Limited,2
2011,Rockwell Automation Limited,2
2011,Roma Cafe Limited T/A Cahir Takeaway Limited,1
2011,Romaquip Ltd.,1
2011,Ronaghan'S Pharmacy Ltd,1
2011,Rosemount Nursing Home,2
2011,Rosenalee Care Centre Ltd.,2
2011,Roseville Nursing Home Ltd,3
2011,Rossclare Nursing Home Limited,2
2011,Rotem Company,12
2011,Rotunda Hospital,3
2011,Roughan & O'Donovan Ltd.,1
2011,Roughan Properties Ltd,19
2011,Royal College Of Surgeons In Ireland,1
2011,Royal Hotel Bray,1
2011,Royal School Cavan,1
2011,Rps Consulting Engineers Ltd,1
2011,Rtr Electronics Ltd,1
2011,Rupsha Ltd,1
2011,Rupsha Ltd T/A Rupsha Indian Restaurant,1
2011,Rusty Glen Ltd,2
2011,Ryans Cleaning Event Specialist Ltd,1
2011,Ryevale Nursing Home,16
2011,S&F Global Fresh Exotics Ltd,1
2011,Saath Services Limited,1
2011,Saba At Home Ltd,2
2011,Sacre Coeur Nursing Home Limited,2
2011,Saffron Catering Ltd T/A The Silver Oak Indian Restaurant,1
2011,Saint Mary'S Home.,1
2011,Salessense International Ltd,1
2011,Salomon P. Vermaak T/A Spar The Gem,1
2011,Salthill Court Hotel Limited,7
2011,Sam Mccauley Chemist Clonmel Ltd,1
2011,Sambara Ltd,1
2011,San Remo Private Nursing & Convalescent Home Ltd.,4
2011,Sandcreek Ltd T/A Woodlands House Nursing Home,1
2011,Sandra Cooneys Home Care Ltd,1
2011,Sanjay Ltd T/A Diamond Coast Hotel,1
2011,Sanlam Asset Management (Ireland) Ltd,1
2011,Sap Ssc (Ireland) Limited,19
2011,Saqib Hussain,1
2011,Sarwan Singh Gill,1
2011,Sas Institute Ltd,1
2011,Satir Europe (Ireland) Company Limited,2
2011,Saturday School For Japanese Children,1
2011,Sb Restaurants Ltd T/A Abrakebabra Ltd,1
2011,Schaefer Gmbh Branch Ireland,1
2011,Schiele And Mcdonald Mushrooms Limited,9
2011,Schivo Precision Limited,1
2011,Schneider Electric It Logistics Eur Ltd T/A Apc By Schnieder Electric,1
2011,School Kids Aloud Ltd,1
2011,Schorman Contract Cleaning Services Ltd.,2
2011,Schubert Consulting Ltd,2
2011,Sciele Pharma Ireland Ltd,1
2011,Seal Wine Ltd,1
2011,Seamair Foods Ltd,2
2011,Seamus Carew,6
2011,Sean & Theresa Quinn,4
2011,Sean Kenny Construction Ltd,1
2011,Sean Mulvihill & Company,1
2011,Securitas Security Services Ireland Ltd,1
2011,Selamine Ltd,1
2011,Sentenial Ltd,1
2011,Sentrio Technologies Limited,1
2011,Sepam Specialist Ltd,5
2011,Servaplex Ltd,1
2011,Servicesource Europe Limited,1
2011,Seven Oaks Hotel,1
2011,Sfdc Ireland Ltd,1
2011,Shahid Omer & Company Ltd,1
2011,Shamalot 3 Ltd,1
2011,Shamrock Rovers Fc Ltd,1
2011,Shanid Ltd,4
2011,Shannagh Bay Nursing Home,1
2011,Shannon Aer Link Limited,1
2011,Shannon Aerospace,1
2011,Shareridge Ltd,1
2011,Sharmin Trading Limited (Shanai Restaurant),1
2011,Sheedy Stores Ltd T/A Centra,1
2011,Sheephaven Properties T/A Lakehouse Nursing Home,1
2011,Sheffau Ltd,1
2011,Sheffs Ltd,1
2011,Shell E & P Ireland Limited,3
2011,Shield Storage Limited,1
2011,Shimla Indian Restaurant,1
2011,Shirley Arms Hotel Limited,1
2011,Shirley Flynn,1
2011,Shorelark Limited,1
2011,Shorelark Ltd. T/A Radisson Sas Hotel,1
2011,Short Run Components Ltd,1
2011,Shortt'S Ltd,1
2011,Shun Hong Shun,1
2011,Siam Asian Bistro Limited,6
2011,Siam Asian Bistro Limited T/A Siam,1
2011,Siam Thai Ltd - Andrew St.,1
2011,Siam Thai Restaurant,2
2011,Siemens Limited,5
2011,Sierra Communications Ltd,1
2011,Silansys Semiconductor Limited,1
2011,Silicon And Software Systems Ltd.,1
2011,Silver Springs Morans Hotel,1
2011,Simon Kerins,1
2011,Simply Food Limited,1
2011,Simpson'S Hospital,2
2011,Sisters Of Charity Of The Incarn Word,1
2011,Sisters Of Mercy Dun Mhuire T/A Mercy Sisters Western Province,1
2011,Sita Information Networking Computing Ireland Ltd,3
2011,Skibbereen Residential Care,2
2011,Skillsoft Ireland Ltd,1
2011,Sl Controls Ltd,1
2011,Sladeton Ltd T/A The Burlington Hotel,1
2011,Slainte Technologies Limited,1
2011,Slidepath Ltd T/A Slidepath,1
2011,Small World Consulting Ltd T/A Idiro Technologies,1
2011,Smart Letting Company Limited,1
2011,Smurfit Kappa Packaging Solutions,1
2011,Smurfit Securities Ltd,1
2011,Smyths Toys Ltd,1
2011,Snap-Tite Europe Bv,1
2011,Snapper Limited T/A Right Price Tiles,1
2011,Snoozles Limited,1
2011,So Kee Company,1
2011,Society Of African Missions,2
2011,Society Of St. Paul T/A St Pauls Publications,1
2011,Sodexho Ireland Limited,2
2011,Soft-Ex Communications Ltd,1
2011,Software Design Ltd,2
2011,Softworks Computing Ltd,1
2011,Sogeti Ireland Ltd,3
2011,Solarwinds Software Europe Ltd,2
2011,Sonas Nursing Homes Management Co Limited,5
2011,Sonas Nursing Homes Management Co Limited T/A Ard Na Greine Nursing Home,5
2011,Sonopress Ireland Limited,2
2011,Sophia Housing Association,1
2011,Sos Ventures Investments Limited,1
2011,South Infirmary/Victoria Hospital Ltd.,7
2011,Southwell Investment Co Ltd T/A Ned Kellys,1
2011,Southwest Doctors On Call Ltd,1
2011,Spanish Point Technology Ltd,2
2011,Sparantus Ltd,8
2011,Sparantus Ltd T/A Highfield Hospital Group,7
2011,Specialist Holiday Group Ireland Ltd T/A American Holidays,1
2011,Spectrum Print Management Ltd,1
2011,Speed Express Logistics Ltd,1
2011,Speed-It Limited,1
2011,Spencer Stuart International B.V,1
2011,Spirit Level Ltd,1
2011,Sports Surgery Clinic Ltd,4
2011,Sprags Limited,2
2011,Spring Grove Services,1
2011,Springwater Home Ltd,1
2011,Springwood Nursing Homes Limited,2
2011,Sqs Software Quality Systems (Irl) Ltd,1
2011,Srcl Limited,1
2011,Sre Dublin Properties (Ballsbridge Ltd) Ltd,3
2011,Sremium Ltd,1
2011,Sse Renewables Holdings Ltd T/A Airtricity,1
2011,St Attracta'S Nursing Home,1
2011,St Catherine'S Nursing Home Ltd,2
2011,St Colmcille'S Nursing Home Ltd,2
2011,St Colmcille'S Nursing Home Ltd T/A St Colmcille'S Nursing Home,1
2011,St Joseph'S National School (Cork),1
2011,St Joseph'S Nursing Home (Chapelizod),4
2011,St Joseph'S Nursing Home (Tuam),2
2011,St Margaret'S & Maryville Centres,1
2011,St Mary'S School And Home For The Blind,1
2011,St Matthew'S National School,1
2011,St Monica'S Nursing Home,1
2011,St. Andrew'S College,2
2011,St. Annes National School,1
2011,St. Cronans Sns,1
2011,St. Helen'S Hotel (Sas Radisson),2
2011,St. Helen'S Junior School,1
2011,St. James'S Hospital,16
2011,St. John Of God Hospital,1
2011,St. John Of God Kildare Services,2
2011,St. Joseph Girls Primary School,1
2011,St. Joseph'S Foundation,1
2011,St. Luke'S Hospital,1
2011,St. Mary'S Centre (Telford) Ltd,1
2011,St. Mary'S Home,2
2011,St. Mary'S Home T/A Beechlawn House Nursing Home,1
2011,St. Marys Secondary School,1
2011,St. Michael'S College,1
2011,St. Michael'S House(Ballymun),2
2011,St. Michaels Hospital,4
2011,St. Paul'S College,2
2011,St. Vincent'S Private Hospital,4
2011,St. Vincent'S University Hospital,8
2011,"St. Vincent'S University Hospital,",10
2011,Standard Life Employee Services Ltd,1
2011,Stanford Woods Care Center Ltd,10
2011,Stanford Woods Care Center Ltd T/A Kiltipper Woods Care Center,4
2011,Stanwood Medical Services Ltd,1
2011,Star Of The Sea Primary School,1
2011,State Street International (Ireland) Limited,2
2011,Staunton Sports Ltd T/A Elverys Sports,1
2011,Stephen A Jupe,1
2011,Stephen Mc Cann T/A Thai Jasmine Centre,1
2011,Stephen Nichol,1
2011,Stephens Green Club,1
2011,Stephrn Mccleane,1
2011,Stewarts Care Ltd,1
2011,Stillorgan Park Hotel,1
2011,Stokes Bio Ltd,1
2011,Storm Technology Ltd.,1
2011,Strathmore Lodge Nursing Home,1
2011,Stratus Technologies Ireland Limited,1
2011,Stryker Ireland Limited,3
2011,Stuart & Mclean Ltd T/A Laragh Stuart Foods,1
2011,Studio One Film Exhibitors Ltd.,2
2011,Suas Educational Development Ltd,1
2011,Sullivans Royal Hotel T/A Sullivan And Sons,1
2011,Sun Fried Chicken Ltd,1
2011,Sundyp Ltd T/A St. Theresa'S Nursing Home,3
2011,Sunshine Professional Cleaning Ltd,1
2011,Supermacs Ireland Ltd,4
2011,Supermacs Ireland Ltd T/A Supermacs Shannonbridge,3
2011,Superquinn,3
2011,Sure Tank Ltd.,1
2011,Sushi Master Ltd T/A Yo! Sushi Ireland,1
2011,Susquehanna International Group Limited,5
2011,Suzanne Alcock T/A Asu Image Salon,1
2011,Suzanne Dunne,1
2011,Swapna Catering Limited,1
2011,Sweet Basil Thai Restaurant Ltd.,2
2011,Sword Risk Services Limited,1
2011,Swords Laboratories,1
2011,Symantec Ltd.,8
2011,Synchronoss Technologies Ireland Limited,1
2011,Synopsys International Ltd,5
2011,Syntel Europe Ltd,2
2011,System Video Ltd,1
2011,T. Butler Engineering Ltd,1
2011,T.E. Laboratories Ltd,1
2011,Taibur Rahman,1
2011,Takeda Ireland Limited,3
2011,Talbot Hotel,1
2011,Talha Ltd T/A Santoor Restaurant,1
2011,Tallis Consulting Limited,3
2011,Tandoori Tastes Catering Limited,1
2011,Tango Telecom Ltd,1
2011,Taoa Retail Limited T/A Spar Merrion Row,1
2011,Tara Winthrop Ltd,28
2011,Tara Winthrop Ltd T/A Tara Winthrop Private Clinic (Nevinstown Lane),4
2011,Tat Sing Leung,1
2011,Tata Consultancy Services (Tcs),99
2011,Tds - Time Data Security Ltd,1
2011,Teck Ireland Ltd,1
2011,Teleflex Medical Europe Ltd,1
2011,Telefónica Europe People Services Ltd,1
2011,Telekinesys Research Limited T/A Havok,2
2011,Temple Inns Limited,1
2011,Tempus Technologies Ltd,1
2011,Teradata Ireland Ltd,1
2011,Teranel Ltd T/A Dominos Pizza,1
2011,Terenure College,1
2011,Terenure College Rugby Football Club,1
2011,Terlam Ltd,1
2011,Terry Jackson Motor Engineers Ltd,1
2011,Tesco Ireland,8
2011,Tethras Technology Ltd,1
2011,Texoil Ltd,1
2011,Texuna Technologies T/A Abanimus,1
2011,Thai Garden Restaurant,2
2011,Thai Garden Restaurant(Blanchardstown),2
2011,Thai Thanie Limited,1
2011,Thanh - Cong,1
2011,Thanyasmorn Yuangprasit,1
2011,Thc Dental Limited,1
2011,The Artisan Pizza Company Ltd,3
2011,The Barretstown Gang Camp Fund Limited,4
2011,The Botany Weaving Mill Ltd,1
2011,The Caring Specialists Ltd,1
2011,The Carlton Castletroy Park Hotel,1
2011,The Carphone Warehouse (Irl) Ltd.,1
2011,The Children'S Sunshine Home,1
2011,The Childrens Research Centre,1
2011,The Clarence Hotel T/A Brushfield Ltd,1
2011,The Codex Taverns Ltd T/A Grumpy Mcclafforts,1
2011,The Concentrate Manufacturing Company Of Ireland T/A Pepsi Cola Manufacturing Ireland,5
2011,The Croft Nursing Home,1
2011,The Dublin Thai Centre Limited,1
2011,The Frances Taylor Foundation Chapelizod Ltd,3
2011,The Gate Hotel Complex,1
2011,The Grow Shop,1
2011,The Irish Chocolate Company T/A Butlers Chocolates Ltd,5
2011,The Irish Cricket Union Limited,1
2011,The Kings Hospital School,1
2011,The Lavey Inn Ltd,1
2011,The Merrion Hotel,2
2011,The Milestone Aviation Group Ltd,1
2011,The Multiple Sclerosis Society Of Ireland Ltd - National Care Centre,1
2011,The National Ballet Of Ireland,2
2011,The Quiet Moment Tearooms Limited,1
2011,The Royal Hospital,3
2011,The Travel Department,1
2011,The Waterside House Hotel,1
2011,The Woollen Mills Ltd,1
2011,Thi Beacon Court Ltd T/A Beacon Hospital,1
2011,Thomand O'Mara,3
2011,Thomas C. G. O'Mahony,1
2011,Thomas Cooper,1
2011,Thomas Tierney,1
2011,Thomond Lodge Nursing Home,1
2011,"Thomond Rugby Football Club,",1
2011,Thomson Reuters (Markets) Ireland Limited,1
2011,Threads & Beauty Ltd,1
2011,Three Q Recruitment Limited,1
2011,Three Rock Rovers Hockey Club,1
2011,Threshold Management Ltd,1
2011,Thsd Ltd T/A The Health Store Dublin,1
2011,Tiernaneill Mushrooms Ltd.,1
2011,Tifco Ltd,13
2011,Tiger Foods Partnership T/A Dominos Pizza,1
2011,Tigin Montessori School Ltd,1
2011,Tim & Paul O'Donoghue T/A O'Donoghue'S Service Station,1
2011,Tim Hortons (Ireland) Limited,1
2011,Time N Tax Ltd,1
2011,Timothy Grace,1
2011,Tinakilly House Hotel,1
2011,Tip Top Restaurants Ltd,1
2011,Tipperary Medical Ltd T/A Silverbridge Pharmacy,1
2011,Tipperary Natural Stone Ltd T/A Killenaule Stone Quarries,1
2011,Tlc Centre Limited,9
2011,Tlc Nursing Home Ltd,2
2011,Tlc West Limited,14
2011,Toger Ltd,1
2011,Tom Staed,1
2011,Tony Quinn Health Centres Ltd,1
2011,Torriam Hotel Operating Company Limited,2
2011,Toshi Tec Ltd,1
2011,Total Health Chiropractic Wellness Clinic/Dr. Douglas Meckelborg,1
2011,Tourin & Moorehill Farms,1
2011,Tqs Integration Ltd,1
2011,Trade Winds Take Away & Cafe,1
2011,Traditional Meat Company Ireland,1
2011,Transgender Equality Network Ireland Limited,1
2011,Translitigation Ltd,1
2011,Transmission Links Ireland Ltd,1
2011,Travelers Management Ltd,2
2011,Treasury Holdings,1
2011,Treaty Distributors Ltd,1
2011,Trendridge Ltd,2
2011,"Trevor Kearon, Marino Monterisi & Alvaro Herran T/A Bates Restaurant",1
2011,Triangle Stores Ltd T/A Murphy'S Centra,1
2011,Trinity Biotech Manufacturing Ltd,1
2011,Trinity Imports & Exports Ltd,3
2011,Trustguard Security Group Ltd,1
2011,Tullow Mushroom Growers Ltd,5
2011,Tullow Oil Ltd,1
2011,Tuna Gulec & Ali Findik T/A Charcoal Grill,1
2011,Two Way Forwarding - Logistics,1
2011,Uasma Faisal T/A Remix Restaurant,1
2011,Ucd,17
2011,Uillinn Nursing Home Limited,6
2011,Ul Eagles Basketball Club,2
2011,Ulster Bank Ireland Limited,3
2011,Ulster Catering Limited T/A Eastern Balti House,1
2011,Ultrasound Dimension Ltd,1
2011,Unicare Pharmacy Group Limited,1
2011,Unilokomotive Ltd,1
2011,Union Heritage Holding Company Ltd,1
2011,Unisave Pharmacy Ltd T/A Rochfords Pharmacy,1
2011,United Business Media Plc (Ubm Plc),1
2011,United Drug Plc,2
2011,University College Cork,8
2011,University Of Dublin,8
2011,University Of Limerick,8
2011,University Of Notre Dame,1
2011,Unum Ireland Limited,1
2011,Upc Communications Ireland,1
2011,Upc Communications T/A Chorus Ntl,1
2011,Upmc Beacon Hospital Sandyford Limited,10
2011,Utc Fire And Security Ireland Ltd,1
2011,Valexia Ltd,1
2011,Valour Investments Ltd,1
2011,Valshan Limited,1
2011,Value Retail Management (Kildare Village) Ltd,1
2011,Varna Healthcare Services Limited,5
2011,Varnal Limited,1
2011,Vedanta Lisheen Mining Ltd,1
2011,Velocity Markets Limited,2
2011,Version I Software,4
2011,Vie De Chateaux,1
2011,Vincent Dunne T/A Annebrook House Hotel,1
2011,Vine,1
2011,Vipedia Ltd,1
2011,"Viroj, Pking & Gardiner Ltd",1
2011,Virtu Financial Ireland Limited,1
2011,Vistakon Ireland ((Johnson & Johnson) Products (Irl)),1
2011,Visual Media Ltd,2
2011,Vitanutrition Ltd,1
2011,Vitner Petfoods (Queally Group),2
2011,Vitra Tiles (Ireland) Ltd.,1
2011,Vivi Homecare Ltd,1
2011,Vmware International Ltd,4
2011,Vodafone,2
2011,Voiceco Networks Ltd,1
2011,Voicelock Limited,1
2011,Volkswagen Bank Gmbh Branch Ireland,1
2011,Volkswagen Group Ireland Ltd,1
2011,Warehouse 39 Life Wares Ltd T/A W39 Life Wares,1
2011,Warner Chilcott (Ireland) Ltd,1
2011,Watchford Ltd,4
2011,Waterfall Farms,1
2011,Waterfall Farms Ltd,2
2011,Watson Wyatt Partners,2
2011,Wecater Ltd,2
2011,Wegner Enterprises Ltd T/A Mojoes,1
2011,Wells Fargo Bank International,1
2011,Wembar Company Ltd T/A Mccabe'S Pharmacies,1
2011,West Paces Hotel Group Lough Esker Hr Ltd T/A Solis Lough Eske Castle Hotel & Resort,1
2011,Western Union International Ltd,1
2011,Westin Hotels Ireland,3
2011,Westwood House Hotel Ltd,1
2011,Whyte Energy Limited,1
2011,Wild Swan,1
2011,William Carroll,1
2011,William Dillon Snr,1
2011,William Dillon Snr T/A Black Lion Inn,1
2011,William Mccreery,1
2011,Willis Mitsui & Co Engine Support Limited,1
2011,Willoway Nursing Home Ltd,14
2011,Willoway Nursing Home Ltd T/A Riverside Private Nursing Home,1
2011,Willowbrook Nursing Home,4
2011,Wincanton Ireland Limited,1
2011,Wipro Technologies,161
2011,Woodlock Residential Care Ltd,1
2011,Woods Restaurant Ltd,2
2011,Workday Limited,1
2011,Wpa Mobile Ltd,10
2011,Writech Manufacturing Ltd,1
2011,Xanadu Consultancy Ltd,1
2011,Xeon Dental Services T/A Smiles,3
2011,Xilinx Ireland,1
2011,Xiuping Chen T/A Imperial Garden,1
2011,Xm Solutions T/A Xpando Media ( Ireland ) Ltd,1
2011,Y.M.C.A. Cricket Club,1
2011,Yahoo Ireland Services Ltd,3
2011,Yamamori Sushi Ltd,1
2011,Yiufun Limited T/A West Lake Palace,1
2011,Young Ballymun Ltd,1
2011,Young Microbush Ireland Ltd,2
2011,Yvonne Maher,1
2011,Yvonne O'Connor T/A O'Connor Sheedy & Co,1
2011,Z-We-Ton Ltd,1
2011,Zagg International Distribution Ltd,1
2011,Zahid Hussain,1
2011,Zaika (Food) Ltd T/A Jaipur,2
2011,Zhengking Ltd,1
2011,Zurich Insurance Ireland Ltd T/A Eagle Star,2
2011,Zurich Life Assurance Plc,2
2011,Zynga Game Ireland Ltd,2
